<?xml version="1.0" encoding="US-ASCII"?>
<l:l10n xmlns:l="http://docbook.sourceforge.net/xmlns/l10n/1.0" language="kn" english-language-name="Kannada">

<!-- * This file is generated automatically. -->
<!-- * To submit changes to this file upstream (to the DocBook Project) -->
<!-- * do not submit an edited version of this file. Instead, submit an -->
<!-- * edited version of the source file at the following location: -->
<!-- * -->
<!-- *  https://svn.sourceforge.net/svnroot/docbook/trunk/gentext/locale/kn.xml -->
<!-- * -->
<!-- * E-mail the edited kn.xml source file to: -->
<!-- * -->
<!-- *  docbook-developers@lists.sourceforge.net -->

<!-- ******************************************************************** -->

<!-- This file is part of the XSL DocBook Stylesheet distribution. -->
<!-- See ../README or http://docbook.sf.net/release/xsl/current/ for -->
<!-- copyright and other information. -->

<!-- ******************************************************************** -->

   <l:gentext key="Abstract" text="&#3256;&#3262;&#3248;&#3262;&#3202;&#3254;"/>
   <l:gentext key="abstract" text="&#3256;&#3262;&#3248;&#3262;&#3202;&#3254;"/>
   <l:gentext key="Answer" text="&#3209;:"/>
   <l:gentext key="answer" text="&#3209;:"/>
   <l:gentext key="Appendix" text="&#3205;&#3240;&#3265;&#3244;&#3202;&#3239;"/>
   <l:gentext key="appendix" text="&#3205;&#3240;&#3265;&#3244;&#3202;&#3239;"/>
   <l:gentext key="Article" text="&#3250;&#3271;&#3222;&#3240;"/>
   <l:gentext key="article" text="&#3250;&#3271;&#3222;&#3240;"/>
   <l:gentext key="Author" text="&#3250;&#3271;&#3222;&#3221;"/>
   <l:gentext key="Bibliography" text="Bibliography"/>
   <l:gentext key="bibliography" text="Bibliography"/>
   <l:gentext key="Book" text="&#3242;&#3265;&#3256;&#3277;&#3236;&#3221;"/>
   <l:gentext key="book" text="&#3242;&#3265;&#3256;&#3277;&#3236;&#3221;"/>
   <l:gentext key="CAUTION" text="&#3214;&#3226;&#3277;&#3226;&#3248;&#3263;&#3221;&#3270;"/>
   <l:gentext key="Caution" text="&#3214;&#3226;&#3277;&#3226;&#3248;&#3263;&#3221;&#3270;"/>
   <l:gentext key="caution" text="&#3214;&#3226;&#3277;&#3226;&#3248;&#3263;&#3221;&#3270;"/>
   <l:gentext key="Chapter" text="&#3205;&#3239;&#3277;&#3247;&#3262;&#3247;"/>
   <l:gentext key="chapter" text="&#3205;&#3239;&#3277;&#3247;&#3262;&#3247;"/>
   <l:gentext key="Colophon" text="Colophon"/>
   <l:gentext key="colophon" text="Colophon"/>
   <l:gentext key="Copyright" text="&#3221;&#3267;&#3236;&#3263;&#3256;&#3277;&#3253;&#3262;&#3246;&#3277;&#3247;"/>
   <l:gentext key="copyright" text="&#3221;&#3267;&#3236;&#3263;&#3256;&#3277;&#3253;&#3262;&#3246;&#3277;&#3247;"/>
   <l:gentext key="Dedication" text="&#3256;&#3246;&#3248;&#3277;&#3242;&#3235;&#3270;"/>
   <l:gentext key="dedication" text="&#3256;&#3246;&#3248;&#3277;&#3242;&#3235;&#3270;"/>
   <l:gentext key="Edition" text="&#3206;&#3253;&#3267;&#3236;&#3277;&#3236;&#3263;"/>
   <l:gentext key="edition" text="&#3206;&#3253;&#3267;&#3236;&#3277;&#3236;&#3263;"/>
   <l:gentext key="Editor" text="Editor" lang="en"/>
   <l:gentext key="Equation" text="&#3256;&#3246;&#3264;&#3221;&#3248;&#3235;"/>
   <l:gentext key="equation" text="&#3256;&#3246;&#3264;&#3221;&#3248;&#3235;"/>
   <l:gentext key="Example" text="&#3209;&#3238;&#3262;&#3257;&#3248;&#3235;&#3270;"/>
   <l:gentext key="example" text="&#3209;&#3238;&#3262;&#3257;&#3248;&#3235;&#3270;"/>
   <l:gentext key="Figure" text="&#3226;&#3263;&#3236;&#3277;&#3248;"/>
   <l:gentext key="figure" text="&#3226;&#3263;&#3236;&#3277;&#3248;"/>
   <l:gentext key="Glossary" text="&#3242;&#3262;&#3248;&#3263;&#3245;&#3262;&#3255;&#3263;&#3221;&#3221;&#3275;&#3254;"/>
   <l:gentext key="glossary" text="&#3242;&#3262;&#3248;&#3263;&#3245;&#3262;&#3255;&#3263;&#3221;&#3221;&#3275;&#3254;"/>
   <l:gentext key="GlossSee" text="&#3207;&#3238;&#3240;&#3277;&#3240;&#3265; &#3240;&#3275;&#3233;&#3263;"/>
   <l:gentext key="glosssee" text="&#3207;&#3238;&#3240;&#3277;&#3240;&#3265; &#3240;&#3275;&#3233;&#3263;"/>
   <l:gentext key="GlossSeeAlso" text="&#3207;&#3238;&#3240;&#3277;&#3240;&#3266; &#3256;&#3257; &#3240;&#3275;&#3233;&#3263;"/>
   <l:gentext key="glossseealso" text="&#3207;&#3238;&#3240;&#3277;&#3240;&#3266; &#3256;&#3257; &#3240;&#3275;&#3233;&#3263;"/>
   <l:gentext key="IMPORTANT" text="&#3246;&#3257;&#3236;&#3277;&#3253;"/>
   <l:gentext key="important" text="&#3246;&#3257;&#3236;&#3277;&#3253;"/>
   <l:gentext key="Important" text="&#3246;&#3257;&#3236;&#3277;&#3253;"/>
   <l:gentext key="Index" text="&#3205;&#3240;&#3265;&#3221;&#3277;&#3248;&#3246;&#3235;&#3263;&#3221;&#3270;"/>
   <l:gentext key="index" text="&#3205;&#3240;&#3265;&#3221;&#3277;&#3248;&#3246;&#3235;&#3263;&#3221;&#3270;"/>
   <l:gentext key="ISBN" text="ISBN"/>
   <l:gentext key="isbn" text="ISBN"/>
   <l:gentext key="LegalNotice" text="Legal Notice"/>
   <l:gentext key="legalnotice" text="Legal Notice"/>
   <l:gentext key="MsgAud" text="&#3254;&#3277;&#3248;&#3275;&#3236;&#3267;&#3223;&#3251;&#3265;"/>
   <l:gentext key="msgaud" text="&#3254;&#3277;&#3248;&#3275;&#3236;&#3267;&#3223;&#3251;&#3265;"/>
   <l:gentext key="MsgLevel" text="&#3256;&#3277;&#3236;&#3248;"/>
   <l:gentext key="msglevel" text="&#3256;&#3277;&#3236;&#3248;"/>
   <l:gentext key="MsgOrig" text="&#3246;&#3266;&#3250;"/>
   <l:gentext key="msgorig" text="&#3246;&#3266;&#3250;"/>
   <l:gentext key="NOTE" text="&#3256;&#3266;&#3226;&#3240;&#3270;"/>
   <l:gentext key="Note" text="&#3256;&#3266;&#3226;&#3240;&#3270;"/>
   <l:gentext key="note" text="&#3256;&#3266;&#3226;&#3240;&#3270;"/>
   <l:gentext key="Part" text="&#3245;&#3262;&#3223;"/>
   <l:gentext key="part" text="&#3245;&#3262;&#3223;"/>
   <l:gentext key="Preface" text="&#3242;&#3264;&#3232;&#3263;&#3221;&#3270;"/>
   <l:gentext key="preface" text="&#3242;&#3264;&#3232;&#3263;&#3221;&#3270;"/>
   <l:gentext key="Procedure" text="&#3221;&#3262;&#3248;&#3277;&#3247;&#3253;&#3263;&#3239;&#3262;&#3240;"/>
   <l:gentext key="procedure" text="&#3221;&#3262;&#3248;&#3277;&#3247;&#3253;&#3263;&#3239;&#3262;&#3240;"/>
   <l:gentext key="ProductionSet" text="&#3240;&#3263;&#3248;&#3277;&#3246;&#3262;&#3235;"/>
   <l:gentext key="PubDate" text="&#3242;&#3277;&#3248;&#3221;&#3231;&#3240;&#3270; &#3238;&#3263;&#3240;&#3262;&#3202;&#3221;"/>
   <l:gentext key="pubdate" text="&#3242;&#3277;&#3248;&#3221;&#3231;&#3240;&#3270; &#3238;&#3263;&#3240;&#3262;&#3202;&#3221;"/>
   <l:gentext key="Published" text="&#3242;&#3277;&#3248;&#3221;&#3262;&#3254;&#3242;&#3233;&#3263;&#3256;&#3263;&#3238;"/>
   <l:gentext key="published" text="&#3242;&#3277;&#3248;&#3221;&#3262;&#3254;&#3242;&#3233;&#3263;&#3256;&#3263;&#3238;"/>
   <l:gentext key="Publisher" text="Publisher" lang="en"/>
   <l:gentext key="Qandadiv" text="&#3242;&#3277;&#3248; &amp; &#3209;"/>
   <l:gentext key="qandadiv" text="&#3242;&#3277;&#3248; &amp; &#3209;"/>
   <l:gentext key="QandASet" text="Frequently Asked Questions" lang="en"/>
   <l:gentext key="Question" text="&#3242;&#3277;&#3248;:"/>
   <l:gentext key="question" text="&#3242;&#3277;&#3248;:"/>
   <l:gentext key="RefEntry" text=""/>
   <l:gentext key="refentry" text=""/>
   <l:gentext key="Reference" text="&#3209;&#3250;&#3277;&#3250;&#3271;&#3222;"/>
   <l:gentext key="reference" text="&#3209;&#3250;&#3277;&#3250;&#3271;&#3222;"/>
   <l:gentext key="References" text="References" lang="en"/>
   <l:gentext key="RefName" text="&#3257;&#3270;&#3256;&#3248;&#3265;"/>
   <l:gentext key="refname" text="&#3257;&#3270;&#3256;&#3248;&#3265;"/>
   <l:gentext key="RefSection" text=""/>
   <l:gentext key="refsection" text=""/>
   <l:gentext key="RefSynopsisDiv" text="&#3256;&#3262;&#3248;&#3262;&#3202;&#3254;"/>
   <l:gentext key="refsynopsisdiv" text="&#3256;&#3262;&#3248;&#3262;&#3202;&#3254;"/>
   <l:gentext key="RevHistory" text="&#3242;&#3265;&#3248;&#3262;&#3253;&#3267;&#3236;&#3277;&#3236; &#3242;&#3248;&#3263;&#3255;&#3277;&#3221;&#3248;&#3235;&#3270;"/>
   <l:gentext key="revhistory" text="&#3242;&#3265;&#3248;&#3262;&#3253;&#3267;&#3236;&#3277;&#3236; &#3242;&#3248;&#3263;&#3255;&#3277;&#3221;&#3248;&#3235;&#3270;"/>
   <l:gentext key="revision" text="&#3242;&#3248;&#3263;&#3255;&#3277;&#3221;&#3248;&#3235;&#3270;"/>
   <l:gentext key="Revision" text="&#3242;&#3248;&#3263;&#3255;&#3277;&#3221;&#3248;&#3235;&#3270;"/>
   <l:gentext key="sect1" text="&#3253;&#3263;&#3245;&#3262;&#3223;"/>
   <l:gentext key="sect2" text="&#3253;&#3263;&#3245;&#3262;&#3223;"/>
   <l:gentext key="sect3" text="&#3253;&#3263;&#3245;&#3262;&#3223;"/>
   <l:gentext key="sect4" text="&#3253;&#3263;&#3245;&#3262;&#3223;"/>
   <l:gentext key="sect5" text="&#3253;&#3263;&#3245;&#3262;&#3223;"/>
   <l:gentext key="section" text="&#3253;&#3263;&#3245;&#3262;&#3223;"/>
   <l:gentext key="Section" text="&#3253;&#3263;&#3245;&#3262;&#3223;"/>
   <l:gentext key="see" text="&#3207;&#3238;&#3240;&#3277;&#3240;&#3265; &#3240;&#3275;&#3233;&#3263;"/>
   <l:gentext key="See" text="&#3207;&#3238;&#3240;&#3277;&#3240;&#3265; &#3240;&#3275;&#3233;&#3263;"/>
   <l:gentext key="seealso" text="&#3207;&#3238;&#3240;&#3277;&#3240;&#3266; &#3256;&#3257; &#3240;&#3275;&#3233;&#3263;"/>
   <l:gentext key="Seealso" text="&#3207;&#3238;&#3240;&#3277;&#3240;&#3266; &#3256;&#3257; &#3240;&#3275;&#3233;&#3263;"/>
   <l:gentext key="SeeAlso" text="&#3207;&#3238;&#3240;&#3277;&#3240;&#3266; &#3256;&#3257; &#3240;&#3275;&#3233;&#3263;"/>
   <l:gentext key="set" text="&#3257;&#3274;&#3202;&#3238;&#3263;&#3256;&#3265;"/>
   <l:gentext key="Set" text="&#3257;&#3274;&#3202;&#3238;&#3263;&#3256;&#3265;"/>
   <l:gentext key="setindex" text="&#3205;&#3240;&#3265;&#3221;&#3277;&#3248;&#3246;&#3235;&#3263;&#3221;&#3270; &#3257;&#3274;&#3202;&#3238;&#3263;&#3256;&#3265;"/>
   <l:gentext key="SetIndex" text="&#3205;&#3240;&#3265;&#3221;&#3277;&#3248;&#3246;&#3235;&#3263;&#3221;&#3270; &#3257;&#3274;&#3202;&#3238;&#3263;&#3256;&#3265;"/>
   <l:gentext key="Sidebar" text=""/>
   <l:gentext key="sidebar" text="sidebar"/>
   <l:gentext key="step" text="&#3257;&#3202;&#3236;"/>
   <l:gentext key="Step" text="&#3257;&#3202;&#3236;"/>
   <l:gentext key="table" text="&#3221;&#3275;&#3255;&#3277;&#3231;&#3221;"/>
   <l:gentext key="Table" text="&#3221;&#3275;&#3255;&#3277;&#3231;&#3221;"/>
   <l:gentext key="task" text="Task" lang="en"/>
   <l:gentext key="Task" text="Task" lang="en"/>
   <l:gentext key="tip" text="&#3221;&#3263;&#3253;&#3263;&#3246;&#3262;&#3236;&#3265;"/>
   <l:gentext key="TIP" text="&#3221;&#3263;&#3253;&#3263;&#3246;&#3262;&#3236;&#3265;"/>
   <l:gentext key="Tip" text="&#3221;&#3263;&#3253;&#3263;&#3246;&#3262;&#3236;&#3265;"/>
   <l:gentext key="Warning" text="&#3214;&#3226;&#3277;&#3226;&#3248;&#3263;&#3221;&#3270;"/>
   <l:gentext key="warning" text="&#3214;&#3226;&#3277;&#3226;&#3248;&#3263;&#3221;&#3270;"/>
   <l:gentext key="WARNING" text="&#3214;&#3226;&#3277;&#3226;&#3248;&#3263;&#3221;&#3270;"/>
   <l:gentext key="and" text="&#3246;&#3236;&#3277;&#3236;&#3265;"/>
   <l:gentext key="by" text="&#3247;&#3263;&#3202;&#3238;"/>
   <l:gentext key="Edited" text="&#3256;&#3202;&#3242;&#3262;&#3238;&#3263;&#3256;&#3263;&#3238;"/>
   <l:gentext key="edited" text="&#3256;&#3202;&#3242;&#3262;&#3238;&#3263;&#3256;&#3263;&#3238;"/>
   <l:gentext key="Editedby" text="&#3256;&#3202;&#3242;&#3262;&#3238;&#3221;"/>
   <l:gentext key="editedby" text="&#3256;&#3202;&#3242;&#3262;&#3238;&#3221;"/>
   <l:gentext key="in" text="in"/>
   <l:gentext key="lastlistcomma" text=","/>
   <l:gentext key="listcomma" text=","/>
   <l:gentext key="nonexistantelement" text="non-existant element"/>
   <l:gentext key="notes" text="&#3231;&#3263;&#3242;&#3277;&#3242;&#3235;&#3263;"/>
   <l:gentext key="Notes" text="&#3231;&#3263;&#3242;&#3277;&#3242;&#3235;&#3263;"/>
   <l:gentext key="Pgs" text="&#3242;&#3265;&#3231;&#3223;&#3251;&#3265;."/>
   <l:gentext key="pgs" text="&#3242;&#3265;&#3231;&#3223;&#3251;&#3265;."/>
   <l:gentext key="Revisedby" text="Revised by: "/>
   <l:gentext key="revisedby" text="Revised by: "/>
   <l:gentext key="TableNotes" text="Notes"/>
   <l:gentext key="tablenotes" text="Notes"/>
   <l:gentext key="TableofContents" text="&#3253;&#3263;&#3255;&#3247;&#3262;&#3240;&#3265;&#3221;&#3277;&#3248;&#3246;&#3235;&#3263;&#3221;&#3270;"/>
   <l:gentext key="tableofcontents" text="&#3253;&#3263;&#3255;&#3247;&#3262;&#3240;&#3265;&#3221;&#3277;&#3248;&#3246;&#3235;&#3263;&#3221;&#3270;"/>
   <l:gentext key="unexpectedelementname" text="&#3205;&#3240;&#3263;&#3248;&#3264;&#3221;&#3277;&#3255;&#3263;&#3236; &#3253;&#3256;&#3277;&#3236;&#3265;&#3253;&#3263;&#3240; &#3257;&#3270;&#3256;&#3248;&#3265;"/>
   <l:gentext key="unsupported" text="unsupported"/>
   <l:gentext key="xrefto" text="xref to"/>
   <l:gentext key="Authors" text="Authors" lang="en"/>
   <l:gentext key="copyeditor" text="Copy Editor" lang="en"/>
   <l:gentext key="graphicdesigner" text="Graphic Designer" lang="en"/>
   <l:gentext key="productioneditor" text="Production Editor" lang="en"/>
   <l:gentext key="technicaleditor" text="Technical Editor" lang="en"/>
   <l:gentext key="translator" text="Translator" lang="en"/>
   <l:gentext key="listofequations" text="&#3256;&#3246;&#3264;&#3221;&#3248;&#3235;&#3242;&#3231;&#3277;&#3231;&#3263; "/>
   <l:gentext key="ListofEquations" text="&#3256;&#3246;&#3264;&#3221;&#3248;&#3235;&#3242;&#3231;&#3277;&#3231;&#3263; "/>
   <l:gentext key="ListofExamples" text="List of Examples"/>
   <l:gentext key="listofexamples" text="List of Examples"/>
   <l:gentext key="ListofFigures" text="List of Figures"/>
   <l:gentext key="listoffigures" text="List of Figures"/>
   <l:gentext key="ListofProcedures" text="List of Procedures"/>
   <l:gentext key="listofprocedures" text="List of Procedures"/>
   <l:gentext key="listoftables" text="List of Tables"/>
   <l:gentext key="ListofTables" text="List of Tables"/>
   <l:gentext key="ListofUnknown" text="List of Unknown"/>
   <l:gentext key="listofunknown" text="List of Unknown"/>
   <l:gentext key="nav-home" text="&#3246;&#3240;&#3270;"/>
   <l:gentext key="nav-next" text="&#3246;&#3265;&#3202;&#3238;&#3263;&#3240;"/>
   <l:gentext key="nav-next-sibling" text="Fast Forward"/>
   <l:gentext key="nav-prev" text="&#3257;&#3263;&#3202;&#3238;&#3263;&#3240;"/>
   <l:gentext key="nav-prev-sibling" text="Fast Backward"/>
   <l:gentext key="nav-up" text="&#3246;&#3271;&#3250;&#3270;"/>
   <l:gentext key="nav-toc" text="ToC"/>
   <l:gentext key="Draft" text="Draft"/>
   <l:gentext key="above" text="above"/>
   <l:gentext key="below" text="below"/>
   <l:gentext key="sectioncalled" text="the section called"/>
   <l:gentext key="index symbols" text="Symbols"/>
   <l:gentext key="lowercase.alpha" text="abcdefghijklmnopqrstuvwxyz"/>
   <l:gentext key="uppercase.alpha" text="ABCDEFGHIJKLMNOPQRSTUVWXYZ"/>
   <l:dingbat key="startquote" text="&#8220;"/>
   <l:dingbat key="endquote" text="&#8221;"/>
   <l:dingbat key="nestedstartquote" text="&#8216;"/>
   <l:dingbat key="nestedendquote" text="&#8217;"/>
   <l:dingbat key="singlestartquote" text="&#8216;"/>
   <l:dingbat key="singleendquote" text="&#8217;"/>
   <l:dingbat key="bullet" text="&#8226;"/>
   <l:gentext key="hyphenation-character" text="-"/>
   <l:gentext key="hyphenation-push-character-count" text="2"/>
   <l:gentext key="hyphenation-remain-character-count" text="2"/>

   <l:context name="styles">
      <l:template name="person-name" text="first-last"/>
   </l:context>

   <l:context name="title">
      <l:template name="abstract" text="%t"/>
      <l:template name="answer" text="%t"/>
      <l:template name="appendix" text="&#3205;&#3240;&#3265;&#3244;&#3202;&#3239;&#160;%n.&#160;%t"/>
      <l:template name="article" text="%t"/>
      <l:template name="authorblurb" text="%t"/>
      <l:template name="bibliodiv" text="%t"/>
      <l:template name="biblioentry" text="%t"/>
      <l:template name="bibliography" text="%t"/>
      <l:template name="bibliolist" text="%t"/>
      <l:template name="bibliomixed" text="%t"/>
      <l:template name="bibliomset" text="%t"/>
      <l:template name="biblioset" text="%t"/>
      <l:template name="blockquote" text="%t"/>
      <l:template name="book" text="%t"/>
      <l:template name="calloutlist" text="%t"/>
      <l:template name="caution" text="%t"/>
      <l:template name="chapter" text="&#3205;&#3239;&#3277;&#3247;&#3262;&#3247;&#160;%n.&#160;%t"/>
      <l:template name="colophon" text="%t"/>
      <l:template name="dedication" text="%t"/>
      <l:template name="equation" text="&#3256;&#3246;&#3264;&#3221;&#3248;&#3235;&#160;%n.&#160;%t"/>
      <l:template name="example" text="&#3209;&#3238;&#3262;&#3257;&#3248;&#3235;&#3270;&#160;%n.&#160;%t"/>
      <l:template name="figure" text="&#3226;&#3263;&#3236;&#3277;&#3248;&#160;%n.&#160;%t"/>
      <l:template name="foil" text="%t"/>
      <l:template name="foilgroup" text="%t"/>
      <l:template name="formalpara" text="%t"/>
      <l:template name="glossary" text="%t"/>
      <l:template name="glossdiv" text="%t"/>
      <l:template name="glosslist" text="%t"/>
      <l:template name="glossentry" text="%t"/>
      <l:template name="important" text="%t"/>
      <l:template name="index" text="%t"/>
      <l:template name="indexdiv" text="%t"/>
      <l:template name="itemizedlist" text="%t"/>
      <l:template name="legalnotice" text="%t"/>
      <l:template name="listitem" text=""/>
      <l:template name="lot" text="%t"/>
      <l:template name="msg" text="%t"/>
      <l:template name="msgexplan" text="%t"/>
      <l:template name="msgmain" text="%t"/>
      <l:template name="msgrel" text="%t"/>
      <l:template name="msgset" text="%t"/>
      <l:template name="msgsub" text="%t"/>
      <l:template name="note" text="%t"/>
      <l:template name="orderedlist" text="%t"/>
      <l:template name="part" text="&#3245;&#3262;&#3223;&#160;%n.&#160;%t"/>
      <l:template name="partintro" text="%t"/>
      <l:template name="preface" text="%t"/>
      <l:template name="procedure" text="%t"/>
      <l:template name="procedure.formal" text="&#3221;&#3262;&#3248;&#3277;&#3247;&#3253;&#3263;&#3239;&#3262;&#3240;&#160;%n.&#160;%t"/>
      <l:template name="productionset" text="%t"/>
      <l:template name="productionset.formal" text="&#3240;&#3263;&#3248;&#3277;&#3246;&#3262;&#3235;&#160;%n"/>
      <l:template name="qandadiv" text="%t"/>
      <l:template name="qandaentry" text="%t"/>
      <l:template name="qandaset" text="%t"/>
      <l:template name="question" text="%t"/>
      <l:template name="refentry" text="%t"/>
      <l:template name="reference" text="%t"/>
      <l:template name="refsection" text="%t"/>
      <l:template name="refsect1" text="%t"/>
      <l:template name="refsect2" text="%t"/>
      <l:template name="refsect3" text="%t"/>
      <l:template name="refsynopsisdiv" text="%t"/>
      <l:template name="refsynopsisdivinfo" text="%t"/>
      <l:template name="segmentedlist" text="%t"/>
      <l:template name="set" text="%t"/>
      <l:template name="setindex" text="%t"/>
      <l:template name="sidebar" text="%t"/>
      <l:template name="step" text="%t"/>
      <l:template name="table" text="&#3221;&#3275;&#3255;&#3277;&#3231;&#3221;&#160;%n.&#160;%t"/>
      <l:template name="task" text="%t"/>
      <l:template name="tasksummary" text="%t" lang="en"/>
      <l:template name="taskprerequisites" text="%t" lang="en"/>
      <l:template name="taskrelated" text="%t" lang="en"/>
      <l:template name="tip" text="%t"/>
      <l:template name="toc" text="%t"/>
      <l:template name="variablelist" text="%t"/>
      <l:template name="varlistentry" text=""/>
      <l:template name="warning" text="%t"/>
   </l:context>

   <l:context name="title-unnumbered">
      <l:template name="appendix" text="%t"/>
      <l:template name="article/appendix" text="%t"/>
      <l:template name="bridgehead" text="%t"/>
      <l:template name="chapter" text="%t"/>
      <l:template name="sect1" text="%t"/>
      <l:template name="sect2" text="%t"/>
      <l:template name="sect3" text="%t"/>
      <l:template name="sect4" text="%t"/>
      <l:template name="sect5" text="%t"/>
      <l:template name="section" text="%t"/>
      <l:template name="simplesect" text="%t"/>
      <l:template name="part" text="%t" lang="en"/>
   </l:context>

   <l:context name="title-numbered">
      <l:template name="appendix" text="&#3205;&#3240;&#3265;&#3244;&#3202;&#3239;&#160;%n.&#160;%t"/>
      <l:template name="article/appendix" text="%n.&#160;%t"/>
      <l:template name="bridgehead" text="%n.&#160;%t"/>
      <l:template name="chapter" text="&#3205;&#3239;&#3277;&#3247;&#3262;&#3247;&#160;%n.&#160;%t"/>
      <l:template name="sect1" text="%n.&#160;%t"/>
      <l:template name="sect2" text="%n.&#160;%t"/>
      <l:template name="sect3" text="%n.&#160;%t"/>
      <l:template name="sect4" text="%n.&#160;%t"/>
      <l:template name="sect5" text="%n.&#160;%t"/>
      <l:template name="section" text="%n.&#160;%t"/>
      <l:template name="simplesect" text="%t"/>
      <l:template name="part" text="&#3245;&#3262;&#3223;&#160;%n.&#160;%t" lang="en"/>
   </l:context>

   <l:context name="subtitle">
      <l:template name="appendix" text="%s"/>
      <l:template name="article" text="%s"/>
      <l:template name="bibliodiv" text="%s"/>
      <l:template name="biblioentry" text="%s"/>
      <l:template name="bibliography" text="%s"/>
      <l:template name="bibliomixed" text="%s"/>
      <l:template name="bibliomset" text="%s"/>
      <l:template name="biblioset" text="%s"/>
      <l:template name="book" text="%s"/>
      <l:template name="chapter" text="%s"/>
      <l:template name="colophon" text="%s"/>
      <l:template name="dedication" text="%s"/>
      <l:template name="glossary" text="%s"/>
      <l:template name="glossdiv" text="%s"/>
      <l:template name="index" text="%s"/>
      <l:template name="indexdiv" text="%s"/>
      <l:template name="lot" text="%s"/>
      <l:template name="part" text="%s"/>
      <l:template name="partintro" text="%s"/>
      <l:template name="preface" text="%s"/>
      <l:template name="refentry" text="%s"/>
      <l:template name="reference" text="%s"/>
      <l:template name="refsection" text="%s"/>
      <l:template name="refsect1" text="%s"/>
      <l:template name="refsect2" text="%s"/>
      <l:template name="refsect3" text="%s"/>
      <l:template name="refsynopsisdiv" text="%s"/>
      <l:template name="sect1" text="%s"/>
      <l:template name="sect2" text="%s"/>
      <l:template name="sect3" text="%s"/>
      <l:template name="sect4" text="%s"/>
      <l:template name="sect5" text="%s"/>
      <l:template name="section" text="%s"/>
      <l:template name="set" text="%s"/>
      <l:template name="setindex" text="%s"/>
      <l:template name="sidebar" text="%s"/>
      <l:template name="simplesect" text="%s"/>
      <l:template name="toc" text="%s"/>
   </l:context>

   <l:context name="xref">
      <l:template name="abstract" text="%t"/>
      <l:template name="answer" text="&#3209;:&#160;%n"/>
      <l:template name="appendix" text="%t"/>
      <l:template name="article" text="%t"/>
      <l:template name="authorblurb" text="%t"/>
      <l:template name="bibliodiv" text="%t"/>
      <l:template name="bibliography" text="%t"/>
      <l:template name="bibliomset" text="%t"/>
      <l:template name="biblioset" text="%t"/>
      <l:template name="blockquote" text="%t"/>
      <l:template name="book" text="%t"/>
      <l:template name="calloutlist" text="%t"/>
      <l:template name="caution" text="%t"/>
      <l:template name="chapter" text="%t"/>
      <l:template name="colophon" text="%t"/>
      <l:template name="constraintdef" text="%t"/>
      <l:template name="dedication" text="%t"/>
      <l:template name="equation" text="%t"/>
      <l:template name="example" text="%t"/>
      <l:template name="figure" text="%t"/>
      <l:template name="foil" text="%t"/>
      <l:template name="foilgroup" text="%t"/>
      <l:template name="formalpara" text="%t"/>
      <l:template name="glossary" text="%t"/>
      <l:template name="glossdiv" text="%t"/>
      <l:template name="important" text="%t"/>
      <l:template name="index" text="%t"/>
      <l:template name="indexdiv" text="%t"/>
      <l:template name="itemizedlist" text="%t"/>
      <l:template name="legalnotice" text="%t"/>
      <l:template name="listitem" text="%n"/>
      <l:template name="lot" text="%t"/>
      <l:template name="msg" text="%t"/>
      <l:template name="msgexplan" text="%t"/>
      <l:template name="msgmain" text="%t"/>
      <l:template name="msgrel" text="%t"/>
      <l:template name="msgset" text="%t"/>
      <l:template name="msgsub" text="%t"/>
      <l:template name="note" text="%t"/>
      <l:template name="orderedlist" text="%t"/>
      <l:template name="part" text="%t"/>
      <l:template name="partintro" text="%t"/>
      <l:template name="preface" text="%t"/>
      <l:template name="procedure" text="%t"/>
      <l:template name="productionset" text="%t"/>
      <l:template name="qandadiv" text="%t"/>
      <l:template name="qandaentry" text="&#3242;&#3277;&#3248;:&#160;%n"/>
      <l:template name="qandaset" text="%t"/>
      <l:template name="question" text="&#3242;&#3277;&#3248;:&#160;%n"/>
      <l:template name="reference" text="%t"/>
      <l:template name="refsynopsisdiv" text="%t"/>
      <l:template name="segmentedlist" text="%t"/>
      <l:template name="set" text="%t"/>
      <l:template name="setindex" text="%t"/>
      <l:template name="sidebar" text="%t"/>
      <l:template name="table" text="%t"/>
      <l:template name="task" text="%t" lang="en"/>
      <l:template name="tip" text="%t"/>
      <l:template name="toc" text="%t"/>
      <l:template name="variablelist" text="%t"/>
      <l:template name="varlistentry" text="%n"/>
      <l:template name="warning" text="%t"/>
      <l:template name="olink.document.citation" text=" in %o"/>
      <l:template name="olink.page.citation" text=" (page %p)"/>
      <l:template name="page.citation" text=" [%p]"/>
      <l:template name="page" text="(page %p)"/>
      <l:template name="docname" text=" in %o"/>
      <l:template name="docnamelong" text=" in the document titled %o"/>
      <l:template name="pageabbrev" text="(p. %p)"/>
      <l:template name="Page" text="Page %p"/>
      <l:template name="bridgehead" text="the section called &#8220;%t&#8221;"/>
      <l:template name="refsection" text="the section called &#8220;%t&#8221;"/>
      <l:template name="refsect1" text="the section called &#8220;%t&#8221;"/>
      <l:template name="refsect2" text="the section called &#8220;%t&#8221;"/>
      <l:template name="refsect3" text="the section called &#8220;%t&#8221;"/>
      <l:template name="sect1" text="the section called &#8220;%t&#8221;"/>
      <l:template name="sect2" text="the section called &#8220;%t&#8221;"/>
      <l:template name="sect3" text="the section called &#8220;%t&#8221;"/>
      <l:template name="sect4" text="the section called &#8220;%t&#8221;"/>
      <l:template name="sect5" text="the section called &#8220;%t&#8221;"/>
      <l:template name="section" text="the section called &#8220;%t&#8221;"/>
      <l:template name="simplesect" text="the section called &#8220;%t&#8221;"/>
   </l:context>

   <l:context name="xref-number">
      <l:template name="answer" text="&#3209;:&#160;%n"/>
      <l:template name="appendix" text="&#3205;&#3240;&#3265;&#3244;&#3202;&#3239;&#160;%n"/>
      <l:template name="bridgehead" text="&#3253;&#3263;&#3245;&#3262;&#3223;&#160;%n"/>
      <l:template name="chapter" text="&#3205;&#3239;&#3277;&#3247;&#3262;&#3247;&#160;%n"/>
      <l:template name="equation" text="&#3256;&#3246;&#3264;&#3221;&#3248;&#3235;&#160;%n"/>
      <l:template name="example" text="&#3209;&#3238;&#3262;&#3257;&#3248;&#3235;&#3270;&#160;%n"/>
      <l:template name="figure" text="&#3226;&#3263;&#3236;&#3277;&#3248;&#160;%n"/>
      <l:template name="part" text="&#3245;&#3262;&#3223;&#160;%n"/>
      <l:template name="procedure" text="&#3221;&#3262;&#3248;&#3277;&#3247;&#3253;&#3263;&#3239;&#3262;&#3240;&#160;%n"/>
      <l:template name="productionset" text="&#3240;&#3263;&#3248;&#3277;&#3246;&#3262;&#3235;&#160;%n"/>
      <l:template name="qandadiv" text="&#3242;&#3277;&#3248; &amp; &#3209;&#160;%n"/>
      <l:template name="qandaentry" text="&#3242;&#3277;&#3248;:&#160;%n"/>
      <l:template name="question" text="&#3242;&#3277;&#3248;:&#160;%n"/>
      <l:template name="sect1" text="&#3253;&#3263;&#3245;&#3262;&#3223;&#160;%n"/>
      <l:template name="sect2" text="&#3253;&#3263;&#3245;&#3262;&#3223;&#160;%n"/>
      <l:template name="sect3" text="&#3253;&#3263;&#3245;&#3262;&#3223;&#160;%n"/>
      <l:template name="sect4" text="&#3253;&#3263;&#3245;&#3262;&#3223;&#160;%n"/>
      <l:template name="sect5" text="&#3253;&#3263;&#3245;&#3262;&#3223;&#160;%n"/>
      <l:template name="section" text="&#3253;&#3263;&#3245;&#3262;&#3223;&#160;%n"/>
      <l:template name="table" text="&#3221;&#3275;&#3255;&#3277;&#3231;&#3221;&#160;%n"/>
   </l:context>

   <l:context name="xref-number-and-title">
      <l:template name="appendix" text="&#3205;&#3240;&#3265;&#3244;&#3202;&#3239;&#160;%n, %t"/>
      <l:template name="bridgehead" text="&#3253;&#3263;&#3245;&#3262;&#3223;&#160;%n, &#8220;%t&#8221;"/>
      <l:template name="chapter" text="&#3205;&#3239;&#3277;&#3247;&#3262;&#3247;&#160;%n, %t"/>
      <l:template name="equation" text="&#3256;&#3246;&#3264;&#3221;&#3248;&#3235;&#160;%n, &#8220;%t&#8221;"/>
      <l:template name="example" text="&#3209;&#3238;&#3262;&#3257;&#3248;&#3235;&#3270;&#160;%n, &#8220;%t&#8221;"/>
      <l:template name="figure" text="&#3226;&#3263;&#3236;&#3277;&#3248;&#160;%n, &#8220;%t&#8221;"/>
      <l:template name="part" text="&#3245;&#3262;&#3223;&#160;%n, &#8220;%t&#8221;"/>
      <l:template name="procedure" text="&#3221;&#3262;&#3248;&#3277;&#3247;&#3253;&#3263;&#3239;&#3262;&#3240;&#160;%n, &#8220;%t&#8221;"/>
      <l:template name="productionset" text="&#3240;&#3263;&#3248;&#3277;&#3246;&#3262;&#3235;&#160;%n, &#8220;%t&#8221;"/>
      <l:template name="qandadiv" text="&#3242;&#3277;&#3248; &amp; &#3209;&#160;%n, &#8220;%t&#8221;"/>
      <l:template name="refsect1" text="the section called &#8220;%t&#8221;"/>
      <l:template name="refsect2" text="the section called &#8220;%t&#8221;"/>
      <l:template name="refsect3" text="the section called &#8220;%t&#8221;"/>
      <l:template name="refsection" text="the section called &#8220;%t&#8221;"/>
      <l:template name="sect1" text="&#3253;&#3263;&#3245;&#3262;&#3223;&#160;%n, &#8220;%t&#8221;"/>
      <l:template name="sect2" text="&#3253;&#3263;&#3245;&#3262;&#3223;&#160;%n, &#8220;%t&#8221;"/>
      <l:template name="sect3" text="&#3253;&#3263;&#3245;&#3262;&#3223;&#160;%n, &#8220;%t&#8221;"/>
      <l:template name="sect4" text="&#3253;&#3263;&#3245;&#3262;&#3223;&#160;%n, &#8220;%t&#8221;"/>
      <l:template name="sect5" text="&#3253;&#3263;&#3245;&#3262;&#3223;&#160;%n, &#8220;%t&#8221;"/>
      <l:template name="section" text="&#3253;&#3263;&#3245;&#3262;&#3223;&#160;%n, &#8220;%t&#8221;"/>
      <l:template name="simplesect" text="the section called &#8220;%t&#8221;"/>
      <l:template name="table" text="&#3221;&#3275;&#3255;&#3277;&#3231;&#3221;&#160;%n, &#8220;%t&#8221;"/>
   </l:context>

   <l:context name="authorgroup">
      <l:template name="sep" text=", "/>
      <l:template name="sep2" text=" &#3246;&#3236;&#3277;&#3236;&#3265; "/>
      <l:template name="seplast" text=", &#3246;&#3236;&#3277;&#3236;&#3265; "/>
   </l:context>

   <l:context name="glossary">
      <l:template name="see" text="&#3207;&#3238;&#3240;&#3277;&#3240;&#3265; &#3240;&#3275;&#3233;&#3263; %t"/>
      <l:template name="seealso" text="&#3207;&#3238;&#3240;&#3277;&#3240;&#3266; &#3256;&#3257; &#3240;&#3275;&#3233;&#3263; %t"/>
   </l:context>

   <l:context name="msgset">
      <l:template name="MsgAud" text="&#3254;&#3277;&#3248;&#3275;&#3236;&#3267;&#3223;&#3251;&#3265;: "/>
      <l:template name="MsgLevel" text="&#3256;&#3277;&#3236;&#3248;: "/>
      <l:template name="MsgOrig" text="&#3246;&#3266;&#3250;: "/>
   </l:context>

   <l:context name="datetime">
      <l:template name="format" text="d/m/Y"/>
   </l:context>

   <l:context name="termdef">
      <l:template name="prefix" text="[Definition: "/>
      <l:template name="suffix" text="]"/>
   </l:context>

   <l:context name="datetime-full">
      <l:template name="January" text="&#3228;&#3240;&#3270;&#3253;&#3248;&#3263;"/>
      <l:template name="February" text="&#3243;&#3270;&#3244;&#3277;&#3248;&#3265;&#3253;&#3248;&#3263;"/>
      <l:template name="March" text="&#3246;&#3262;&#3248;&#3277;&#3226;&#3277;"/>
      <l:template name="April" text="&#3215;&#3242;&#3277;&#3248;&#3250;&#3277;"/>
      <l:template name="May" text="&#3246;&#3271;"/>
      <l:template name="June" text="&#3228;&#3266;&#3240;&#3277;"/>
      <l:template name="July" text="&#3228;&#3265;&#3250;&#3272;"/>
      <l:template name="August" text="&#3205;&#3223;&#3255;&#3277;&#3231;"/>
      <l:template name="September" text="&#3256;&#3270;&#3242;&#3277;&#3231;&#3270;&#3202;&#3244;&#3248;&#3277;"/>
      <l:template name="October" text="&#3205;&#3221;&#3277;&#3231;&#3275;&#3244;&#3248;&#3277;"/>
      <l:template name="November" text="&#3240;&#3253;&#3270;&#3202;&#3244;&#3248;&#3277;"/>
      <l:template name="December" text="&#3233;&#3263;&#3256;&#3270;&#3202;&#3244;&#3248;&#3277;"/>
      <l:template name="Monday" text="&#3256;&#3275;&#3246;&#3253;&#3262;&#3248;"/>
      <l:template name="Tuesday" text="&#3246;&#3202;&#3223;&#3251;&#3253;&#3262;&#3248;"/>
      <l:template name="Wednesday" text="&#3244;&#3265;&#3239;&#3253;&#3262;&#3248;"/>
      <l:template name="Thursday" text="&#3223;&#3265;&#3248;&#3265;&#3253;&#3262;&#3248;"/>
      <l:template name="Friday" text="&#3254;&#3265;&#3221;&#3277;&#3248;&#3253;&#3262;&#3248;"/>
      <l:template name="Saturday" text="&#3254;&#3240;&#3263;&#3253;&#3262;&#3248;"/>
      <l:template name="Sunday" text="&#3248;&#3253;&#3263;&#3253;&#3262;&#3248;"/>
   </l:context>

   <l:context name="datetime-abbrev">
      <l:template name="Jan" text="&#3228;&#3240;&#3270;&#3253;&#3248;&#3263;"/>
      <l:template name="Feb" text="&#3243;&#3270;&#3244;&#3277;&#3248;&#3265;&#3253;&#3248;&#3263;"/>
      <l:template name="Mar" text="&#3246;&#3262;&#3248;&#3277;&#3226;&#3277;"/>
      <l:template name="Apr" text="&#3215;&#3242;&#3277;&#3248;&#3263;&#3250;&#3277;"/>
      <l:template name="May" text="&#3246;&#3271;"/>
      <l:template name="Jun" text="&#3228;&#3266;&#3240;&#3277;"/>
      <l:template name="Jul" text="&#3228;&#3265;&#3250;&#3272;"/>
      <l:template name="Aug" text="&#3205;&#3223;&#3255;&#3277;&#3231;"/>
      <l:template name="Sep" text="&#3256;&#3270;&#3242;&#3277;&#3231;&#3270;&#3202;&#3244;&#3248;&#3277;"/>
      <l:template name="Oct" text="&#3205;&#3221;&#3277;&#3231;&#3275;&#3244;&#3248;&#3277;"/>
      <l:template name="Nov" text="&#3240;&#3253;&#3270;&#3202;&#3244;&#3248;&#3277;"/>
      <l:template name="Dec" text="&#3233;&#3263;&#3256;&#3270;&#3202;&#3244;&#3248;&#3277;"/>
      <l:template name="Mon" text="&#3256;&#3275;&#3246;"/>
      <l:template name="Tue" text="&#3246;&#3202;&#3223;&#3251;"/>
      <l:template name="Wed" text="&#3244;&#3265;&#3239;"/>
      <l:template name="Thu" text="&#3223;&#3265;&#3248;&#3265;"/>
      <l:template name="Fri" text="&#3254;&#3265;&#3221;&#3277;&#3248;"/>
      <l:template name="Sat" text="&#3254;&#3240;&#3263;"/>
      <l:template name="Sun" text="&#3248;&#3253;&#3263;"/>
   </l:context>

   <l:context name="htmlhelp">
      <l:template name="langcode" text="0x0409 Kannada (INDIA)"/>
   </l:context>

   <l:context name="index">
      <l:template name="term-separator" text=", " lang="en"/>
      <l:template name="number-separator" text=", " lang="en"/>
      <l:template name="range-separator" text="-" lang="en"/>
   </l:context>

   <l:letters>
      <l:l i="-1"/>
      <l:l i="0">Symbols</l:l>
      <l:l i="10">A</l:l>
      <l:l i="10">a</l:l>
      <l:l i="10">&#192;</l:l>
      <l:l i="10">&#224;</l:l>
      <l:l i="10">&#193;</l:l>
      <l:l i="10">&#225;</l:l>
      <l:l i="10">&#194;</l:l>
      <l:l i="10">&#226;</l:l>
      <l:l i="10">&#195;</l:l>
      <l:l i="10">&#227;</l:l>
      <l:l i="10">&#196;</l:l>
      <l:l i="10">&#228;</l:l>
      <l:l i="10">&#197;</l:l>
      <l:l i="10">&#229;</l:l>
      <l:l i="10">&#256;</l:l>
      <l:l i="10">&#257;</l:l>
      <l:l i="10">&#258;</l:l>
      <l:l i="10">&#259;</l:l>
      <l:l i="10">&#260;</l:l>
      <l:l i="10">&#261;</l:l>
      <l:l i="10">&#461;</l:l>
      <l:l i="10">&#462;</l:l>
      <l:l i="10">&#478;</l:l>
      <l:l i="10">&#479;</l:l>
      <l:l i="10">&#480;</l:l>
      <l:l i="10">&#481;</l:l>
      <l:l i="10">&#506;</l:l>
      <l:l i="10">&#507;</l:l>
      <l:l i="10">&#512;</l:l>
      <l:l i="10">&#513;</l:l>
      <l:l i="10">&#514;</l:l>
      <l:l i="10">&#515;</l:l>
      <l:l i="10">&#550;</l:l>
      <l:l i="10">&#551;</l:l>
      <l:l i="10">&#7680;</l:l>
      <l:l i="10">&#7681;</l:l>
      <l:l i="10">&#7834;</l:l>
      <l:l i="10">&#7840;</l:l>
      <l:l i="10">&#7841;</l:l>
      <l:l i="10">&#7842;</l:l>
      <l:l i="10">&#7843;</l:l>
      <l:l i="10">&#7844;</l:l>
      <l:l i="10">&#7845;</l:l>
      <l:l i="10">&#7846;</l:l>
      <l:l i="10">&#7847;</l:l>
      <l:l i="10">&#7848;</l:l>
      <l:l i="10">&#7849;</l:l>
      <l:l i="10">&#7850;</l:l>
      <l:l i="10">&#7851;</l:l>
      <l:l i="10">&#7852;</l:l>
      <l:l i="10">&#7853;</l:l>
      <l:l i="10">&#7854;</l:l>
      <l:l i="10">&#7855;</l:l>
      <l:l i="10">&#7856;</l:l>
      <l:l i="10">&#7857;</l:l>
      <l:l i="10">&#7858;</l:l>
      <l:l i="10">&#7859;</l:l>
      <l:l i="10">&#7860;</l:l>
      <l:l i="10">&#7861;</l:l>
      <l:l i="10">&#7862;</l:l>
      <l:l i="10">&#7863;</l:l>
      <l:l i="20">B</l:l>
      <l:l i="20">b</l:l>
      <l:l i="20">&#384;</l:l>
      <l:l i="20">&#385;</l:l>
      <l:l i="20">&#595;</l:l>
      <l:l i="20">&#386;</l:l>
      <l:l i="20">&#387;</l:l>
      <l:l i="20">&#7682;</l:l>
      <l:l i="20">&#7683;</l:l>
      <l:l i="20">&#7684;</l:l>
      <l:l i="20">&#7685;</l:l>
      <l:l i="20">&#7686;</l:l>
      <l:l i="20">&#7687;</l:l>
      <l:l i="30">C</l:l>
      <l:l i="30">c</l:l>
      <l:l i="30">&#199;</l:l>
      <l:l i="30">&#231;</l:l>
      <l:l i="30">&#262;</l:l>
      <l:l i="30">&#263;</l:l>
      <l:l i="30">&#264;</l:l>
      <l:l i="30">&#265;</l:l>
      <l:l i="30">&#266;</l:l>
      <l:l i="30">&#267;</l:l>
      <l:l i="30">&#268;</l:l>
      <l:l i="30">&#269;</l:l>
      <l:l i="30">&#391;</l:l>
      <l:l i="30">&#392;</l:l>
      <l:l i="30">&#597;</l:l>
      <l:l i="30">&#7688;</l:l>
      <l:l i="30">&#7689;</l:l>
      <l:l i="40">D</l:l>
      <l:l i="40">d</l:l>
      <l:l i="40">&#270;</l:l>
      <l:l i="40">&#271;</l:l>
      <l:l i="40">&#272;</l:l>
      <l:l i="40">&#273;</l:l>
      <l:l i="40">&#394;</l:l>
      <l:l i="40">&#599;</l:l>
      <l:l i="40">&#395;</l:l>
      <l:l i="40">&#396;</l:l>
      <l:l i="40">&#453;</l:l>
      <l:l i="40">&#498;</l:l>
      <l:l i="40">&#545;</l:l>
      <l:l i="40">&#598;</l:l>
      <l:l i="40">&#7690;</l:l>
      <l:l i="40">&#7691;</l:l>
      <l:l i="40">&#7692;</l:l>
      <l:l i="40">&#7693;</l:l>
      <l:l i="40">&#7694;</l:l>
      <l:l i="40">&#7695;</l:l>
      <l:l i="40">&#7696;</l:l>
      <l:l i="40">&#7697;</l:l>
      <l:l i="40">&#7698;</l:l>
      <l:l i="40">&#7699;</l:l>
      <l:l i="50">E</l:l>
      <l:l i="50">e</l:l>
      <l:l i="50">&#200;</l:l>
      <l:l i="50">&#232;</l:l>
      <l:l i="50">&#201;</l:l>
      <l:l i="50">&#233;</l:l>
      <l:l i="50">&#202;</l:l>
      <l:l i="50">&#234;</l:l>
      <l:l i="50">&#203;</l:l>
      <l:l i="50">&#235;</l:l>
      <l:l i="50">&#274;</l:l>
      <l:l i="50">&#275;</l:l>
      <l:l i="50">&#276;</l:l>
      <l:l i="50">&#277;</l:l>
      <l:l i="50">&#278;</l:l>
      <l:l i="50">&#279;</l:l>
      <l:l i="50">&#280;</l:l>
      <l:l i="50">&#281;</l:l>
      <l:l i="50">&#282;</l:l>
      <l:l i="50">&#283;</l:l>
      <l:l i="50">&#516;</l:l>
      <l:l i="50">&#517;</l:l>
      <l:l i="50">&#518;</l:l>
      <l:l i="50">&#519;</l:l>
      <l:l i="50">&#552;</l:l>
      <l:l i="50">&#553;</l:l>
      <l:l i="50">&#7700;</l:l>
      <l:l i="50">&#7701;</l:l>
      <l:l i="50">&#7702;</l:l>
      <l:l i="50">&#7703;</l:l>
      <l:l i="50">&#7704;</l:l>
      <l:l i="50">&#7705;</l:l>
      <l:l i="50">&#7706;</l:l>
      <l:l i="50">&#7707;</l:l>
      <l:l i="50">&#7708;</l:l>
      <l:l i="50">&#7709;</l:l>
      <l:l i="50">&#7864;</l:l>
      <l:l i="50">&#7865;</l:l>
      <l:l i="50">&#7866;</l:l>
      <l:l i="50">&#7867;</l:l>
      <l:l i="50">&#7868;</l:l>
      <l:l i="50">&#7869;</l:l>
      <l:l i="50">&#7870;</l:l>
      <l:l i="50">&#7871;</l:l>
      <l:l i="50">&#7872;</l:l>
      <l:l i="50">&#7873;</l:l>
      <l:l i="50">&#7874;</l:l>
      <l:l i="50">&#7875;</l:l>
      <l:l i="50">&#7876;</l:l>
      <l:l i="50">&#7877;</l:l>
      <l:l i="50">&#7878;</l:l>
      <l:l i="50">&#7879;</l:l>
      <l:l i="60">F</l:l>
      <l:l i="60">f</l:l>
      <l:l i="60">&#401;</l:l>
      <l:l i="60">&#402;</l:l>
      <l:l i="60">&#7710;</l:l>
      <l:l i="60">&#7711;</l:l>
      <l:l i="70">G</l:l>
      <l:l i="70">g</l:l>
      <l:l i="70">&#284;</l:l>
      <l:l i="70">&#285;</l:l>
      <l:l i="70">&#286;</l:l>
      <l:l i="70">&#287;</l:l>
      <l:l i="70">&#288;</l:l>
      <l:l i="70">&#289;</l:l>
      <l:l i="70">&#290;</l:l>
      <l:l i="70">&#291;</l:l>
      <l:l i="70">&#403;</l:l>
      <l:l i="70">&#608;</l:l>
      <l:l i="70">&#484;</l:l>
      <l:l i="70">&#485;</l:l>
      <l:l i="70">&#486;</l:l>
      <l:l i="70">&#487;</l:l>
      <l:l i="70">&#500;</l:l>
      <l:l i="70">&#501;</l:l>
      <l:l i="70">&#7712;</l:l>
      <l:l i="70">&#7713;</l:l>
      <l:l i="80">H</l:l>
      <l:l i="80">h</l:l>
      <l:l i="80">&#292;</l:l>
      <l:l i="80">&#293;</l:l>
      <l:l i="80">&#294;</l:l>
      <l:l i="80">&#295;</l:l>
      <l:l i="80">&#542;</l:l>
      <l:l i="80">&#543;</l:l>
      <l:l i="80">&#614;</l:l>
      <l:l i="80">&#7714;</l:l>
      <l:l i="80">&#7715;</l:l>
      <l:l i="80">&#7716;</l:l>
      <l:l i="80">&#7717;</l:l>
      <l:l i="80">&#7718;</l:l>
      <l:l i="80">&#7719;</l:l>
      <l:l i="80">&#7720;</l:l>
      <l:l i="80">&#7721;</l:l>
      <l:l i="80">&#7722;</l:l>
      <l:l i="80">&#7723;</l:l>
      <l:l i="80">&#7830;</l:l>
      <l:l i="90">I</l:l>
      <l:l i="90">i</l:l>
      <l:l i="90">&#204;</l:l>
      <l:l i="90">&#236;</l:l>
      <l:l i="90">&#205;</l:l>
      <l:l i="90">&#237;</l:l>
      <l:l i="90">&#206;</l:l>
      <l:l i="90">&#238;</l:l>
      <l:l i="90">&#207;</l:l>
      <l:l i="90">&#239;</l:l>
      <l:l i="90">&#296;</l:l>
      <l:l i="90">&#297;</l:l>
      <l:l i="90">&#298;</l:l>
      <l:l i="90">&#299;</l:l>
      <l:l i="90">&#300;</l:l>
      <l:l i="90">&#301;</l:l>
      <l:l i="90">&#302;</l:l>
      <l:l i="90">&#303;</l:l>
      <l:l i="90">&#304;</l:l>
      <l:l i="90">&#407;</l:l>
      <l:l i="90">&#616;</l:l>
      <l:l i="90">&#463;</l:l>
      <l:l i="90">&#464;</l:l>
      <l:l i="90">&#520;</l:l>
      <l:l i="90">&#521;</l:l>
      <l:l i="90">&#522;</l:l>
      <l:l i="90">&#523;</l:l>
      <l:l i="90">&#7724;</l:l>
      <l:l i="90">&#7725;</l:l>
      <l:l i="90">&#7726;</l:l>
      <l:l i="90">&#7727;</l:l>
      <l:l i="90">&#7880;</l:l>
      <l:l i="90">&#7881;</l:l>
      <l:l i="90">&#7882;</l:l>
      <l:l i="90">&#7883;</l:l>
      <l:l i="100">J</l:l>
      <l:l i="100">j</l:l>
      <l:l i="100">&#308;</l:l>
      <l:l i="100">&#309;</l:l>
      <l:l i="100">&#496;</l:l>
      <l:l i="100">&#669;</l:l>
      <l:l i="110">K</l:l>
      <l:l i="110">k</l:l>
      <l:l i="110">&#310;</l:l>
      <l:l i="110">&#311;</l:l>
      <l:l i="110">&#408;</l:l>
      <l:l i="110">&#409;</l:l>
      <l:l i="110">&#488;</l:l>
      <l:l i="110">&#489;</l:l>
      <l:l i="110">&#7728;</l:l>
      <l:l i="110">&#7729;</l:l>
      <l:l i="110">&#7730;</l:l>
      <l:l i="110">&#7731;</l:l>
      <l:l i="110">&#7732;</l:l>
      <l:l i="110">&#7733;</l:l>
      <l:l i="120">L</l:l>
      <l:l i="120">l</l:l>
      <l:l i="120">&#313;</l:l>
      <l:l i="120">&#314;</l:l>
      <l:l i="120">&#315;</l:l>
      <l:l i="120">&#316;</l:l>
      <l:l i="120">&#317;</l:l>
      <l:l i="120">&#318;</l:l>
      <l:l i="120">&#319;</l:l>
      <l:l i="120">&#320;</l:l>
      <l:l i="120">&#321;</l:l>
      <l:l i="120">&#322;</l:l>
      <l:l i="120">&#410;</l:l>
      <l:l i="120">&#456;</l:l>
      <l:l i="120">&#564;</l:l>
      <l:l i="120">&#619;</l:l>
      <l:l i="120">&#620;</l:l>
      <l:l i="120">&#621;</l:l>
      <l:l i="120">&#7734;</l:l>
      <l:l i="120">&#7735;</l:l>
      <l:l i="120">&#7736;</l:l>
      <l:l i="120">&#7737;</l:l>
      <l:l i="120">&#7738;</l:l>
      <l:l i="120">&#7739;</l:l>
      <l:l i="120">&#7740;</l:l>
      <l:l i="120">&#7741;</l:l>
      <l:l i="130">M</l:l>
      <l:l i="130">m</l:l>
      <l:l i="130">&#625;</l:l>
      <l:l i="130">&#7742;</l:l>
      <l:l i="130">&#7743;</l:l>
      <l:l i="130">&#7744;</l:l>
      <l:l i="130">&#7745;</l:l>
      <l:l i="130">&#7746;</l:l>
      <l:l i="130">&#7747;</l:l>
      <l:l i="140">N</l:l>
      <l:l i="140">n</l:l>
      <l:l i="140">&#209;</l:l>
      <l:l i="140">&#241;</l:l>
      <l:l i="140">&#323;</l:l>
      <l:l i="140">&#324;</l:l>
      <l:l i="140">&#325;</l:l>
      <l:l i="140">&#326;</l:l>
      <l:l i="140">&#327;</l:l>
      <l:l i="140">&#328;</l:l>
      <l:l i="140">&#413;</l:l>
      <l:l i="140">&#626;</l:l>
      <l:l i="140">&#414;</l:l>
      <l:l i="140">&#544;</l:l>
      <l:l i="140">&#459;</l:l>
      <l:l i="140">&#504;</l:l>
      <l:l i="140">&#505;</l:l>
      <l:l i="140">&#565;</l:l>
      <l:l i="140">&#627;</l:l>
      <l:l i="140">&#7748;</l:l>
      <l:l i="140">&#7749;</l:l>
      <l:l i="140">&#7750;</l:l>
      <l:l i="140">&#7751;</l:l>
      <l:l i="140">&#7752;</l:l>
      <l:l i="140">&#7753;</l:l>
      <l:l i="140">&#7754;</l:l>
      <l:l i="140">&#7755;</l:l>
      <l:l i="150">O</l:l>
      <l:l i="150">o</l:l>
      <l:l i="150">&#210;</l:l>
      <l:l i="150">&#242;</l:l>
      <l:l i="150">&#211;</l:l>
      <l:l i="150">&#243;</l:l>
      <l:l i="150">&#212;</l:l>
      <l:l i="150">&#244;</l:l>
      <l:l i="150">&#213;</l:l>
      <l:l i="150">&#245;</l:l>
      <l:l i="150">&#214;</l:l>
      <l:l i="150">&#246;</l:l>
      <l:l i="150">&#216;</l:l>
      <l:l i="150">&#248;</l:l>
      <l:l i="150">&#332;</l:l>
      <l:l i="150">&#333;</l:l>
      <l:l i="150">&#334;</l:l>
      <l:l i="150">&#335;</l:l>
      <l:l i="150">&#336;</l:l>
      <l:l i="150">&#337;</l:l>
      <l:l i="150">&#415;</l:l>
      <l:l i="150">&#416;</l:l>
      <l:l i="150">&#417;</l:l>
      <l:l i="150">&#465;</l:l>
      <l:l i="150">&#466;</l:l>
      <l:l i="150">&#490;</l:l>
      <l:l i="150">&#491;</l:l>
      <l:l i="150">&#492;</l:l>
      <l:l i="150">&#493;</l:l>
      <l:l i="150">&#510;</l:l>
      <l:l i="150">&#511;</l:l>
      <l:l i="150">&#524;</l:l>
      <l:l i="150">&#525;</l:l>
      <l:l i="150">&#526;</l:l>
      <l:l i="150">&#527;</l:l>
      <l:l i="150">&#554;</l:l>
      <l:l i="150">&#555;</l:l>
      <l:l i="150">&#556;</l:l>
      <l:l i="150">&#557;</l:l>
      <l:l i="150">&#558;</l:l>
      <l:l i="150">&#559;</l:l>
      <l:l i="150">&#560;</l:l>
      <l:l i="150">&#561;</l:l>
      <l:l i="150">&#7756;</l:l>
      <l:l i="150">&#7757;</l:l>
      <l:l i="150">&#7758;</l:l>
      <l:l i="150">&#7759;</l:l>
      <l:l i="150">&#7760;</l:l>
      <l:l i="150">&#7761;</l:l>
      <l:l i="150">&#7762;</l:l>
      <l:l i="150">&#7763;</l:l>
      <l:l i="150">&#7884;</l:l>
      <l:l i="150">&#7885;</l:l>
      <l:l i="150">&#7886;</l:l>
      <l:l i="150">&#7887;</l:l>
      <l:l i="150">&#7888;</l:l>
      <l:l i="150">&#7889;</l:l>
      <l:l i="150">&#7890;</l:l>
      <l:l i="150">&#7891;</l:l>
      <l:l i="150">&#7892;</l:l>
      <l:l i="150">&#7893;</l:l>
      <l:l i="150">&#7894;</l:l>
      <l:l i="150">&#7895;</l:l>
      <l:l i="150">&#7896;</l:l>
      <l:l i="150">&#7897;</l:l>
      <l:l i="150">&#7898;</l:l>
      <l:l i="150">&#7899;</l:l>
      <l:l i="150">&#7900;</l:l>
      <l:l i="150">&#7901;</l:l>
      <l:l i="150">&#7902;</l:l>
      <l:l i="150">&#7903;</l:l>
      <l:l i="150">&#7904;</l:l>
      <l:l i="150">&#7905;</l:l>
      <l:l i="150">&#7906;</l:l>
      <l:l i="150">&#7907;</l:l>
      <l:l i="160">P</l:l>
      <l:l i="160">p</l:l>
      <l:l i="160">&#420;</l:l>
      <l:l i="160">&#421;</l:l>
      <l:l i="160">&#7764;</l:l>
      <l:l i="160">&#7765;</l:l>
      <l:l i="160">&#7766;</l:l>
      <l:l i="160">&#7767;</l:l>
      <l:l i="170">Q</l:l>
      <l:l i="170">q</l:l>
      <l:l i="170">&#672;</l:l>
      <l:l i="180">R</l:l>
      <l:l i="180">r</l:l>
      <l:l i="180">&#340;</l:l>
      <l:l i="180">&#341;</l:l>
      <l:l i="180">&#342;</l:l>
      <l:l i="180">&#343;</l:l>
      <l:l i="180">&#344;</l:l>
      <l:l i="180">&#345;</l:l>
      <l:l i="180">&#528;</l:l>
      <l:l i="180">&#529;</l:l>
      <l:l i="180">&#530;</l:l>
      <l:l i="180">&#531;</l:l>
      <l:l i="180">&#636;</l:l>
      <l:l i="180">&#637;</l:l>
      <l:l i="180">&#638;</l:l>
      <l:l i="180">&#7768;</l:l>
      <l:l i="180">&#7769;</l:l>
      <l:l i="180">&#7770;</l:l>
      <l:l i="180">&#7771;</l:l>
      <l:l i="180">&#7772;</l:l>
      <l:l i="180">&#7773;</l:l>
      <l:l i="180">&#7774;</l:l>
      <l:l i="180">&#7775;</l:l>
      <l:l i="190">S</l:l>
      <l:l i="190">s</l:l>
      <l:l i="190">&#346;</l:l>
      <l:l i="190">&#347;</l:l>
      <l:l i="190">&#348;</l:l>
      <l:l i="190">&#349;</l:l>
      <l:l i="190">&#350;</l:l>
      <l:l i="190">&#351;</l:l>
      <l:l i="190">&#352;</l:l>
      <l:l i="190">&#353;</l:l>
      <l:l i="190">&#536;</l:l>
      <l:l i="190">&#537;</l:l>
      <l:l i="190">&#642;</l:l>
      <l:l i="190">&#7776;</l:l>
      <l:l i="190">&#7777;</l:l>
      <l:l i="190">&#7778;</l:l>
      <l:l i="190">&#7779;</l:l>
      <l:l i="190">&#7780;</l:l>
      <l:l i="190">&#7781;</l:l>
      <l:l i="190">&#7782;</l:l>
      <l:l i="190">&#7783;</l:l>
      <l:l i="190">&#7784;</l:l>
      <l:l i="190">&#7785;</l:l>
      <l:l i="200">T</l:l>
      <l:l i="200">t</l:l>
      <l:l i="200">&#354;</l:l>
      <l:l i="200">&#355;</l:l>
      <l:l i="200">&#356;</l:l>
      <l:l i="200">&#357;</l:l>
      <l:l i="200">&#358;</l:l>
      <l:l i="200">&#359;</l:l>
      <l:l i="200">&#427;</l:l>
      <l:l i="200">&#428;</l:l>
      <l:l i="200">&#429;</l:l>
      <l:l i="200">&#430;</l:l>
      <l:l i="200">&#648;</l:l>
      <l:l i="200">&#538;</l:l>
      <l:l i="200">&#539;</l:l>
      <l:l i="200">&#566;</l:l>
      <l:l i="200">&#7786;</l:l>
      <l:l i="200">&#7787;</l:l>
      <l:l i="200">&#7788;</l:l>
      <l:l i="200">&#7789;</l:l>
      <l:l i="200">&#7790;</l:l>
      <l:l i="200">&#7791;</l:l>
      <l:l i="200">&#7792;</l:l>
      <l:l i="200">&#7793;</l:l>
      <l:l i="200">&#7831;</l:l>
      <l:l i="210">U</l:l>
      <l:l i="210">u</l:l>
      <l:l i="210">&#217;</l:l>
      <l:l i="210">&#249;</l:l>
      <l:l i="210">&#218;</l:l>
      <l:l i="210">&#250;</l:l>
      <l:l i="210">&#219;</l:l>
      <l:l i="210">&#251;</l:l>
      <l:l i="210">&#220;</l:l>
      <l:l i="210">&#252;</l:l>
      <l:l i="210">&#360;</l:l>
      <l:l i="210">&#361;</l:l>
      <l:l i="210">&#362;</l:l>
      <l:l i="210">&#363;</l:l>
      <l:l i="210">&#364;</l:l>
      <l:l i="210">&#365;</l:l>
      <l:l i="210">&#366;</l:l>
      <l:l i="210">&#367;</l:l>
      <l:l i="210">&#368;</l:l>
      <l:l i="210">&#369;</l:l>
      <l:l i="210">&#370;</l:l>
      <l:l i="210">&#371;</l:l>
      <l:l i="210">&#431;</l:l>
      <l:l i="210">&#432;</l:l>
      <l:l i="210">&#467;</l:l>
      <l:l i="210">&#468;</l:l>
      <l:l i="210">&#469;</l:l>
      <l:l i="210">&#470;</l:l>
      <l:l i="210">&#471;</l:l>
      <l:l i="210">&#472;</l:l>
      <l:l i="210">&#473;</l:l>
      <l:l i="210">&#474;</l:l>
      <l:l i="210">&#475;</l:l>
      <l:l i="210">&#476;</l:l>
      <l:l i="210">&#532;</l:l>
      <l:l i="210">&#533;</l:l>
      <l:l i="210">&#534;</l:l>
      <l:l i="210">&#535;</l:l>
      <l:l i="210">&#7794;</l:l>
      <l:l i="210">&#7795;</l:l>
      <l:l i="210">&#7796;</l:l>
      <l:l i="210">&#7797;</l:l>
      <l:l i="210">&#7798;</l:l>
      <l:l i="210">&#7799;</l:l>
      <l:l i="210">&#7800;</l:l>
      <l:l i="210">&#7801;</l:l>
      <l:l i="210">&#7802;</l:l>
      <l:l i="210">&#7803;</l:l>
      <l:l i="210">&#7908;</l:l>
      <l:l i="210">&#7909;</l:l>
      <l:l i="210">&#7910;</l:l>
      <l:l i="210">&#7911;</l:l>
      <l:l i="210">&#7912;</l:l>
      <l:l i="210">&#7913;</l:l>
      <l:l i="210">&#7914;</l:l>
      <l:l i="210">&#7915;</l:l>
      <l:l i="210">&#7916;</l:l>
      <l:l i="210">&#7917;</l:l>
      <l:l i="210">&#7918;</l:l>
      <l:l i="210">&#7919;</l:l>
      <l:l i="210">&#7920;</l:l>
      <l:l i="210">&#7921;</l:l>
      <l:l i="220">V</l:l>
      <l:l i="220">v</l:l>
      <l:l i="220">&#434;</l:l>
      <l:l i="220">&#651;</l:l>
      <l:l i="220">&#7804;</l:l>
      <l:l i="220">&#7805;</l:l>
      <l:l i="220">&#7806;</l:l>
      <l:l i="220">&#7807;</l:l>
      <l:l i="230">W</l:l>
      <l:l i="230">w</l:l>
      <l:l i="230">&#372;</l:l>
      <l:l i="230">&#373;</l:l>
      <l:l i="230">&#7808;</l:l>
      <l:l i="230">&#7809;</l:l>
      <l:l i="230">&#7810;</l:l>
      <l:l i="230">&#7811;</l:l>
      <l:l i="230">&#7812;</l:l>
      <l:l i="230">&#7813;</l:l>
      <l:l i="230">&#7814;</l:l>
      <l:l i="230">&#7815;</l:l>
      <l:l i="230">&#7816;</l:l>
      <l:l i="230">&#7817;</l:l>
      <l:l i="230">&#7832;</l:l>
      <l:l i="240">X</l:l>
      <l:l i="240">x</l:l>
      <l:l i="240">&#7818;</l:l>
      <l:l i="240">&#7819;</l:l>
      <l:l i="240">&#7820;</l:l>
      <l:l i="240">&#7821;</l:l>
      <l:l i="250">Y</l:l>
      <l:l i="250">y</l:l>
      <l:l i="250">&#221;</l:l>
      <l:l i="250">&#253;</l:l>
      <l:l i="250">&#255;</l:l>
      <l:l i="250">&#376;</l:l>
      <l:l i="250">&#374;</l:l>
      <l:l i="250">&#375;</l:l>
      <l:l i="250">&#435;</l:l>
      <l:l i="250">&#436;</l:l>
      <l:l i="250">&#562;</l:l>
      <l:l i="250">&#563;</l:l>
      <l:l i="250">&#7822;</l:l>
      <l:l i="250">&#7823;</l:l>
      <l:l i="250">&#7833;</l:l>
      <l:l i="250">&#7922;</l:l>
      <l:l i="250">&#7923;</l:l>
      <l:l i="250">&#7924;</l:l>
      <l:l i="250">&#7925;</l:l>
      <l:l i="250">&#7926;</l:l>
      <l:l i="250">&#7927;</l:l>
      <l:l i="250">&#7928;</l:l>
      <l:l i="250">&#7929;</l:l>
      <l:l i="260">Z</l:l>
      <l:l i="260">z</l:l>
      <l:l i="260">&#377;</l:l>
      <l:l i="260">&#378;</l:l>
      <l:l i="260">&#379;</l:l>
      <l:l i="260">&#380;</l:l>
      <l:l i="260">&#381;</l:l>
      <l:l i="260">&#382;</l:l>
      <l:l i="260">&#437;</l:l>
      <l:l i="260">&#438;</l:l>
      <l:l i="260">&#548;</l:l>
      <l:l i="260">&#549;</l:l>
      <l:l i="260">&#656;</l:l>
      <l:l i="260">&#657;</l:l>
      <l:l i="260">&#7824;</l:l>
      <l:l i="260">&#7825;</l:l>
      <l:l i="260">&#7826;</l:l>
      <l:l i="260">&#7827;</l:l>
      <l:l i="260">&#7828;</l:l>
      <l:l i="260">&#7829;</l:l>
   </l:letters>
</l:l10n>
