<?xml version="1.0" encoding="US-ASCII"?>
<l:l10n xmlns:l="http://docbook.sourceforge.net/xmlns/l10n/1.0" language="mn" english-language-name="Mongolian">

<!-- * This file is generated automatically. -->
<!-- * To submit changes to this file upstream (to the DocBook Project) -->
<!-- * do not submit an edited version of this file. Instead, submit an -->
<!-- * edited version of the source file at the following location: -->
<!-- * -->
<!-- *  https://svn.sourceforge.net/svnroot/docbook/trunk/gentext/locale/mn.xml -->
<!-- * -->
<!-- * E-mail the edited mn.xml source file to: -->
<!-- * -->
<!-- *  docbook-developers@lists.sourceforge.net -->

<!-- ******************************************************************** -->

<!-- This file is part of the XSL DocBook Stylesheet distribution. -->
<!-- See ../README or http://docbook.sf.net/release/xsl/current/ for -->
<!-- copyright and other information. -->

<!-- ******************************************************************** -->

   <l:gentext key="Abstract" text="&#1058;&#1086;&#1074;&#1095; &#1072;&#1075;&#1091;&#1091;&#1083;&#1075;&#1072;"/>
   <l:gentext key="abstract" text="&#1090;&#1086;&#1074;&#1095; &#1072;&#1075;&#1091;&#1091;&#1083;&#1075;&#1072;"/>
   <l:gentext key="Answer" text="&#1061;:"/>
   <l:gentext key="answer" text="&#1061;:"/>
   <l:gentext key="Appendix" text="&#1061;&#1072;&#1074;&#1089;&#1088;&#1072;&#1083;&#1090;"/>
   <l:gentext key="appendix" text="&#1093;&#1072;&#1074;&#1089;&#1088;&#1072;&#1083;&#1090;"/>
   <l:gentext key="Article" text="&#1256;&#1075;&#1199;&#1199;&#1083;&#1101;&#1083;"/>
   <l:gentext key="article" text="&#1257;&#1075;&#1199;&#1199;&#1083;&#1101;&#1083;"/>
   <l:gentext key="Author" text="&#1047;&#1086;&#1093;&#1080;&#1086;&#1075;&#1095;"/>
   <l:gentext key="Bibliography" text="&#1053;&#1086;&#1084; &#1079;&#1199;&#1081;"/>
   <l:gentext key="bibliography" text="&#1085;&#1086;&#1084; &#1079;&#1199;&#1081;"/>
   <l:gentext key="Book" text="&#1053;&#1086;&#1084;"/>
   <l:gentext key="book" text="&#1085;&#1086;&#1084;"/>
   <l:gentext key="CAUTION" text="&#1040;&#1053;&#1061;&#1040;&#1040;&#1056;&#1059;&#1059;&#1051;&#1043;&#1040;"/>
   <l:gentext key="Caution" text="&#1040;&#1085;&#1093;&#1072;&#1072;&#1088;&#1091;&#1091;&#1083;&#1075;&#1072;"/>
   <l:gentext key="caution" text="&#1072;&#1085;&#1093;&#1072;&#1072;&#1088;&#1091;&#1091;&#1083;&#1075;&#1072;"/>
   <l:gentext key="Chapter" text="&#1041;&#1199;&#1083;&#1101;&#1075;"/>
   <l:gentext key="chapter" text="&#1073;&#1199;&#1083;&#1101;&#1075;"/>
   <l:gentext key="Colophon" text="&#1058;&#1199;&#1083;&#1093;&#1199;&#1199;&#1088; &#1199;&#1075;"/>
   <l:gentext key="colophon" text="&#1058;&#1199;&#1083;&#1093;&#1199;&#1199;&#1088; &#1199;&#1075;"/>
   <l:gentext key="Copyright" text="&#1047;&#1086;&#1093;&#1080;&#1086;&#1075;&#1095;&#1080;&#1081;&#1085; &#1101;&#1088;&#1093;"/>
   <l:gentext key="copyright" text="&#1079;&#1086;&#1093;&#1080;&#1086;&#1075;&#1095;&#1080;&#1081;&#1085; &#1101;&#1088;&#1093;"/>
   <l:gentext key="Dedication" text="&#1047;&#1086;&#1093;&#1080;&#1086;&#1075;&#1095;&#1080;&#1081;&#1085; &#1199;&#1075;"/>
   <l:gentext key="dedication" text="&#1079;&#1086;&#1093;&#1080;&#1086;&#1075;&#1095;&#1080;&#1081;&#1085; &#1199;&#1075;"/>
   <l:gentext key="Edition" text="&#1061;&#1101;&#1074;&#1083;&#1101;&#1083;"/>
   <l:gentext key="edition" text="&#1093;&#1101;&#1074;&#1083;&#1101;&#1083;"/>
   <l:gentext key="Editor" text="Editor" lang="en"/>
   <l:gentext key="Equation" text="&#1058;&#1101;&#1075;&#1096;&#1080;&#1090;&#1075;&#1101;&#1083;"/>
   <l:gentext key="equation" text="&#1090;&#1101;&#1075;&#1096;&#1080;&#1090;&#1075;&#1101;&#1083;"/>
   <l:gentext key="Example" text="&#1046;&#1080;&#1096;&#1101;&#1101;"/>
   <l:gentext key="example" text="&#1078;&#1080;&#1096;&#1101;&#1101;"/>
   <l:gentext key="Figure" text="&#1047;&#1091;&#1088;&#1072;&#1075;"/>
   <l:gentext key="figure" text="&#1079;&#1091;&#1088;&#1072;&#1075;"/>
   <l:gentext key="Glossary" text="&#1058;&#1072;&#1081;&#1083;&#1073;&#1072;&#1088; &#1199;&#1075;&#1089;"/>
   <l:gentext key="glossary" text="&#1090;&#1072;&#1081;&#1083;&#1073;&#1072;&#1088; &#1199;&#1075;&#1089;"/>
   <l:gentext key="GlossSee" text="&#1061;&#1072;&#1088;&#1085;&#1072; &#1091;&#1091;"/>
   <l:gentext key="glosssee" text="&#1093;&#1072;&#1088;&#1085;&#1072; &#1091;&#1091;"/>
   <l:gentext key="GlossSeeAlso" text="&#1041;&#1072;&#1089; &#1093;&#1072;&#1088;&#1085;&#1072; &#1091;&#1091;"/>
   <l:gentext key="glossseealso" text="&#1073;&#1072;&#1089; &#1093;&#1072;&#1088;&#1085;&#1072; &#1091;&#1091;"/>
   <l:gentext key="IMPORTANT" text="&#1063;&#1059;&#1061;&#1040;&#1051;"/>
   <l:gentext key="important" text="&#1095;&#1091;&#1093;&#1072;&#1083;"/>
   <l:gentext key="Important" text="&#1063;&#1091;&#1093;&#1072;&#1083;"/>
   <l:gentext key="Index" text="&#1058;&#1086;&#1083;&#1075;&#1086;&#1081;&#1083;&#1089;&#1086;&#1085; &#1199;&#1075;&#1089;"/>
   <l:gentext key="index" text="&#1090;&#1086;&#1083;&#1075;&#1086;&#1081;&#1083;&#1089;&#1086;&#1085; &#1199;&#1075;&#1089;"/>
   <l:gentext key="ISBN" text="ISBN"/>
   <l:gentext key="isbn" text="ISBN"/>
   <l:gentext key="LegalNotice" text="&#1061;&#1091;&#1091;&#1083;&#1080;&#1081;&#1085; &#1079;&#1072;&#1072;&#1083;&#1090;"/>
   <l:gentext key="legalnotice" text="&#1093;&#1091;&#1091;&#1083;&#1080;&#1081;&#1085; &#1079;&#1072;&#1072;&#1083;&#1090;"/>
   <l:gentext key="MsgAud" text="&#1047;&#1086;&#1088;&#1080;&#1091;&#1083;&#1089;&#1072;&#1085;"/>
   <l:gentext key="msgaud" text="&#1079;&#1086;&#1088;&#1080;&#1091;&#1083;&#1089;&#1072;&#1085;"/>
   <l:gentext key="MsgLevel" text="&#1071;&#1072;&#1088;&#1072;&#1083;&#1090;&#1072;&#1081; &#1073;&#1072;&#1081;&#1076;&#1072;&#1083;"/>
   <l:gentext key="msglevel" text="&#1103;&#1072;&#1088;&#1072;&#1083;&#1090;&#1072;&#1081; &#1073;&#1072;&#1081;&#1076;&#1072;&#1083;"/>
   <l:gentext key="MsgOrig" text="&#1198;&#1199;&#1089;&#1101;&#1083;"/>
   <l:gentext key="msgorig" text="&#1199;&#1199;&#1089;&#1101;&#1083;"/>
   <l:gentext key="NOTE" text="&#1058;&#1069;&#1052;&#1044;&#1069;&#1043;&#1051;&#1069;&#1051;"/>
   <l:gentext key="Note" text="&#1058;&#1101;&#1084;&#1076;&#1101;&#1075;&#1083;&#1101;&#1083;"/>
   <l:gentext key="note" text="&#1090;&#1101;&#1084;&#1076;&#1101;&#1075;&#1083;&#1101;&#1083;"/>
   <l:gentext key="Part" text="&#1093;&#1101;&#1089;&#1101;&#1075;"/>
   <l:gentext key="part" text="&#1061;&#1101;&#1089;&#1101;&#1075;"/>
   <l:gentext key="Preface" text="&#1256;&#1084;&#1085;&#1257;&#1093; &#1199;&#1075;"/>
   <l:gentext key="preface" text="&#1257;&#1084;&#1085;&#1257;&#1093; &#1199;&#1075;"/>
   <l:gentext key="Procedure" text="&#1055;&#1088;&#1086;&#1094;&#1077;&#1076;&#1091;&#1088;"/>
   <l:gentext key="procedure" text="&#1087;&#1088;&#1086;&#1094;&#1077;&#1076;&#1091;&#1088;"/>
   <l:gentext key="ProductionSet" text="&#1041;&#1199;&#1090;&#1101;&#1101;&#1075;&#1076;&#1101;&#1093;&#1199;&#1199;&#1085;"/>
   <l:gentext key="PubDate" text="&#1061;&#1101;&#1074;&#1083;&#1101;&#1075;&#1076;&#1089;&#1101;&#1085; &#1086;&#1075;&#1085;&#1086;&#1086;"/>
   <l:gentext key="pubdate" text="&#1093;&#1101;&#1074;&#1083;&#1101;&#1075;&#1076;&#1089;&#1101;&#1085; &#1086;&#1075;&#1085;&#1086;&#1086;"/>
   <l:gentext key="Published" text="&#1061;&#1101;&#1074;&#1083;&#1101;&#1075;&#1076;&#1089;&#1101;&#1085;"/>
   <l:gentext key="published" text="&#1093;&#1101;&#1074;&#1083;&#1101;&#1075;&#1076;&#1089;&#1101;&#1085;"/>
   <l:gentext key="Publisher" text="Publisher" lang="en"/>
   <l:gentext key="Qandadiv" text="&#1040; &amp; &#1061;"/>
   <l:gentext key="qandadiv" text="&#1040; &amp; &#1061;"/>
   <l:gentext key="QandASet" text="Frequently Asked Questions" lang="en"/>
   <l:gentext key="Question" text="&#1040;:"/>
   <l:gentext key="question" text="&#1040;:"/>
   <l:gentext key="RefEntry" text=""/>
   <l:gentext key="refentry" text=""/>
   <l:gentext key="Reference" text="&#1040;&#1096;&#1080;&#1075;&#1083;&#1072;&#1089;&#1072;&#1085; &#1085;&#1086;&#1084;"/>
   <l:gentext key="reference" text="&#1072;&#1096;&#1080;&#1075;&#1083;&#1072;&#1089;&#1072;&#1085; &#1085;&#1086;&#1084;"/>
   <l:gentext key="References" text="References" lang="en"/>
   <l:gentext key="RefName" text="&#1053;&#1101;&#1088;"/>
   <l:gentext key="refname" text="&#1085;&#1101;&#1088;"/>
   <l:gentext key="RefSection" text="&#1061;&#1101;&#1089;&#1101;&#1075;"/>
   <l:gentext key="refsection" text="&#1061;&#1101;&#1089;&#1101;&#1075;"/>
   <l:gentext key="RefSynopsisDiv" text="&#1058;&#1086;&#1081;&#1084;"/>
   <l:gentext key="refsynopsisdiv" text="&#1090;&#1086;&#1081;&#1084;"/>
   <l:gentext key="RevHistory" text="&#1061;&#1091;&#1074;&#1080;&#1083;&#1073;&#1072;&#1088;&#1099;&#1085; &#1090;&#1199;&#1199;&#1093;"/>
   <l:gentext key="revhistory" text="&#1093;&#1091;&#1074;&#1080;&#1083;&#1073;&#1072;&#1088;&#1099;&#1085; &#1090;&#1199;&#1199;&#1093;"/>
   <l:gentext key="revision" text="&#1093;&#1091;&#1074;&#1080;&#1083;&#1073;&#1072;&#1088;"/>
   <l:gentext key="Revision" text="&#1061;&#1091;&#1074;&#1080;&#1083;&#1073;&#1072;&#1088;"/>
   <l:gentext key="sect1" text="&#1061;&#1101;&#1089;&#1101;&#1075;"/>
   <l:gentext key="sect2" text="&#1061;&#1101;&#1089;&#1101;&#1075;"/>
   <l:gentext key="sect3" text="&#1061;&#1101;&#1089;&#1101;&#1075;"/>
   <l:gentext key="sect4" text="&#1061;&#1101;&#1089;&#1101;&#1075;"/>
   <l:gentext key="sect5" text="&#1061;&#1101;&#1089;&#1101;&#1075;"/>
   <l:gentext key="section" text="&#1093;&#1101;&#1089;&#1101;&#1075;"/>
   <l:gentext key="Section" text="&#1061;&#1101;&#1089;&#1101;&#1075;"/>
   <l:gentext key="see" text="&#1061;&#1072;&#1088;&#1085;&#1072; &#1091;&#1091;"/>
   <l:gentext key="See" text="&#1093;&#1072;&#1088;&#1085;&#1072; &#1091;&#1091;"/>
   <l:gentext key="seealso" text="&#1073;&#1072;&#1089; &#1093;&#1072;&#1088;&#1085;&#1072; &#1091;&#1091;"/>
   <l:gentext key="Seealso" text="&#1041;&#1072;&#1089; &#1093;&#1072;&#1088;&#1085;&#1072; &#1091;&#1091;"/>
   <l:gentext key="SeeAlso" text="&#1041;&#1072;&#1089; &#1093;&#1072;&#1088;&#1085;&#1072; &#1091;&#1091;"/>
   <l:gentext key="set" text="&#1090;&#1086;&#1083;&#1075;&#1086;&#1081; &#1199;&#1075;&#1089;"/>
   <l:gentext key="Set" text="&#1058;&#1086;&#1083;&#1075;&#1086;&#1081; &#1199;&#1075;&#1089;"/>
   <l:gentext key="setindex" text="&#1090;&#1086;&#1083;&#1075;&#1086;&#1081; &#1199;&#1075;&#1089;&#1080;&#1081;&#1085; &#1078;&#1072;&#1075;&#1089;&#1072;&#1072;&#1083;&#1090;"/>
   <l:gentext key="SetIndex" text="&#1058;&#1086;&#1083;&#1075;&#1086;&#1081; &#1199;&#1075;&#1089;&#1080;&#1081;&#1085; &#1078;&#1072;&#1075;&#1089;&#1072;&#1072;&#1083;&#1090;"/>
   <l:gentext key="Sidebar" text="&#1047;&#1072;&#1093;&#1099;&#1085; &#1090;&#1101;&#1084;&#1076;&#1101;&#1075;&#1083;&#1101;&#1083;"/>
   <l:gentext key="sidebar" text="&#1079;&#1072;&#1093;&#1099;&#1085; &#1090;&#1101;&#1084;&#1076;&#1101;&#1075;&#1083;&#1101;&#1083;"/>
   <l:gentext key="step" text="&#1072;&#1083;&#1093;&#1072;&#1084;"/>
   <l:gentext key="Step" text="&#1040;&#1083;&#1093;&#1072;&#1084;"/>
   <l:gentext key="table" text="&#1093;&#1199;&#1089;&#1085;&#1101;&#1075;&#1090;"/>
   <l:gentext key="Table" text="&#1061;&#1199;&#1089;&#1085;&#1101;&#1075;&#1090;"/>
   <l:gentext key="task" text="Task" lang="en"/>
   <l:gentext key="Task" text="Task" lang="en"/>
   <l:gentext key="tip" text="&#1079;&#1257;&#1074;&#1257;&#1083;&#1075;&#1257;&#1257;"/>
   <l:gentext key="TIP" text="&#1047;&#1256;&#1042;&#1256;&#1051;&#1043;&#1256;&#1256;"/>
   <l:gentext key="Tip" text="&#1047;&#1257;&#1074;&#1257;&#1083;&#1075;&#1257;&#1257;"/>
   <l:gentext key="Warning" text="&#1057;&#1072;&#1085;&#1091;&#1091;&#1083;&#1075;&#1072;"/>
   <l:gentext key="warning" text="&#1089;&#1072;&#1085;&#1091;&#1091;&#1083;&#1075;&#1072;"/>
   <l:gentext key="WARNING" text="&#1057;&#1040;&#1053;&#1059;&#1059;&#1051;&#1043;&#1040;"/>
   <l:gentext key="and" text="&#1073;&#1072;"/>
   <l:gentext key="by" text="-&#1072;&#1072;&#1088;"/>
   <l:gentext key="Edited" text="&#1061;&#1101;&#1074;&#1083;&#1101;&#1075;&#1076;&#1089;&#1101;&#1085;"/>
   <l:gentext key="edited" text="&#1093;&#1101;&#1074;&#1083;&#1101;&#1075;&#1076;&#1089;&#1101;&#1085;"/>
   <l:gentext key="Editedby" text="&#1069;&#1088;&#1093;&#1101;&#1083;&#1089;&#1101;&#1085;"/>
   <l:gentext key="editedby" text="&#1069;&#1088;&#1093;&#1101;&#1083;&#1089;&#1101;&#1085;"/>
   <l:gentext key="in" text="&#1076;&#1086;&#1090;&#1086;&#1088;"/>
   <l:gentext key="lastlistcomma" text=","/>
   <l:gentext key="listcomma" text=","/>
   <l:gentext key="nonexistantelement" text="&#1073;&#1072;&#1081;&#1093;&#1075;&#1199;&#1081; &#1101;&#1083;&#1077;&#1084;&#1077;&#1085;&#1090;"/>
   <l:gentext key="notes" text="&#1093;&#1257;&#1083;&#1080;&#1081;&#1085; &#1090;&#1072;&#1081;&#1083;&#1073;&#1072;&#1088;"/>
   <l:gentext key="Notes" text="&#1061;&#1257;&#1083;&#1080;&#1081;&#1085; &#1090;&#1072;&#1081;&#1083;&#1073;&#1072;&#1088;"/>
   <l:gentext key="Pgs" text="&#1061;&#1091;&#1091;&#1076;&#1072;&#1089;"/>
   <l:gentext key="pgs" text="&#1093;&#1091;&#1091;&#1076;&#1072;&#1089;"/>
   <l:gentext key="Revisedby" text="&#1256;&#1257;&#1088;&#1095;&#1080;&#1083;&#1089;&#1257;&#1085;: "/>
   <l:gentext key="revisedby" text="&#1256;&#1257;&#1088;&#1095;&#1080;&#1083;&#1089;&#1257;&#1085;: "/>
   <l:gentext key="TableNotes" text="&#1040;&#1078;&#1080;&#1075;&#1083;&#1072;&#1083;&#1090;"/>
   <l:gentext key="tablenotes" text="&#1040;&#1078;&#1080;&#1075;&#1083;&#1072;&#1083;&#1090;"/>
   <l:gentext key="TableofContents" text="&#1043;&#1072;&#1088;&#1095;&#1080;&#1075;"/>
   <l:gentext key="tableofcontents" text="&#1043;&#1072;&#1088;&#1095;&#1080;&#1075;"/>
   <l:gentext key="unexpectedelementname" text="&#1057;&#1072;&#1085;&#1072;&#1084;&#1089;&#1072;&#1088;&#1075;&#1199;&#1081; &#1101;&#1083;&#1077;&#1084;&#1077;&#1085;&#1090;"/>
   <l:gentext key="unsupported" text="&#1076;&#1101;&#1084;&#1078;&#1080;&#1075;&#1076;&#1101;&#1101;&#1075;&#1199;&#1081;"/>
   <l:gentext key="xrefto" text="xref &#1088;&#1091;&#1091;"/>
   <l:gentext key="Authors" text="Authors" lang="en"/>
   <l:gentext key="copyeditor" text="Copy Editor" lang="en"/>
   <l:gentext key="graphicdesigner" text="Graphic Designer" lang="en"/>
   <l:gentext key="productioneditor" text="Production Editor" lang="en"/>
   <l:gentext key="technicaleditor" text="Technical Editor" lang="en"/>
   <l:gentext key="translator" text="Translator" lang="en"/>
   <l:gentext key="listofequations" text="&#1090;&#1101;&#1075;&#1096;&#1080;&#1090;&#1075;&#1101;&#1083;"/>
   <l:gentext key="ListofEquations" text="&#1058;&#1101;&#1075;&#1096;&#1080;&#1090;&#1075;&#1101;&#1083;"/>
   <l:gentext key="ListofExamples" text="&#1046;&#1080;&#1096;&#1101;&#1101;"/>
   <l:gentext key="listofexamples" text="&#1078;&#1080;&#1096;&#1101;&#1101;"/>
   <l:gentext key="ListofFigures" text="&#1047;&#1091;&#1088;&#1075;&#1080;&#1081;&#1085; &#1083;&#1072;&#1074;&#1083;&#1072;&#1093;"/>
   <l:gentext key="listoffigures" text="&#1079;&#1091;&#1088;&#1075;&#1080;&#1081;&#1085; &#1083;&#1072;&#1074;&#1083;&#1072;&#1093;"/>
   <l:gentext key="ListofProcedures" text="List of Procedures" lang="en"/>
   <l:gentext key="listofprocedures" text="List of Procedures" lang="en"/>
   <l:gentext key="listoftables" text="&#1093;&#1199;&#1089;&#1085;&#1101;&#1075;&#1090;&#1199;&#1199;&#1076;&#1080;&#1081;&#1085; &#1083;&#1072;&#1074;&#1083;&#1072;&#1093;"/>
   <l:gentext key="ListofTables" text="&#1061;&#1199;&#1089;&#1085;&#1101;&#1075;&#1090;&#1199;&#1199;&#1076;&#1080;&#1081;&#1085; &#1083;&#1072;&#1074;&#1083;&#1072;&#1093;"/>
   <l:gentext key="ListofUnknown" text="???-&#1051;&#1072;&#1074;&#1083;&#1072;&#1093;"/>
   <l:gentext key="listofunknown" text="???-&#1051;&#1072;&#1074;&#1083;&#1072;&#1093;"/>
   <l:gentext key="nav-home" text="&#1069;&#1093;&#1083;&#1101;&#1083; &#1088;&#1199;&#1199;"/>
   <l:gentext key="nav-next" text="&#1044;&#1072;&#1088;&#1072;&#1072;&#1093;"/>
   <l:gentext key="nav-next-sibling" text="&#1058;&#1199;&#1088;&#1075;&#1101;&#1085; &#1076;&#1072;&#1088;&#1072;&#1072;&#1093;"/>
   <l:gentext key="nav-prev" text="&#1256;&#1084;&#1085;&#1257;&#1093;"/>
   <l:gentext key="nav-prev-sibling" text="&#1058;&#1199;&#1088;&#1075;&#1101;&#1085; &#1257;&#1084;&#1085;&#1257;&#1093;"/>
   <l:gentext key="nav-up" text="&#1044;&#1101;&#1101;&#1096;"/>
   <l:gentext key="nav-toc" text="&#1051;&#1088;&#1091;&#1091;"/>
   <l:gentext key="Draft" text="&#1053;&#1086;&#1086;&#1088;&#1086;&#1075;"/>
   <l:gentext key="above" text="&#1076;&#1101;&#1101;&#1088;"/>
   <l:gentext key="below" text="&#1076;&#1086;&#1086;&#1088;"/>
   <l:gentext key="sectioncalled" text="&#1061;&#1101;&#1089;&#1075;&#1199;&#1199;&#1076;&#1080;&#1081;&#1085; &#1085;&#1101;&#1088;&#1089;"/>
   <l:gentext key="index symbols" text="&#1057;&#1080;&#1084;&#1074;&#1086;&#1083;"/>
   <l:gentext key="lowercase.alpha" text="&#1072;&#1073;&#1074;&#1075;&#1076;&#1077;&#1105;&#1078;&#1079;&#1080;&#1081;&#1082;&#1083;&#1084;&#1085;&#1086;&#1257;&#1087;&#1088;&#1089;&#1090;&#1091;&#1199;&#1092;&#1093;&#1094;&#1095;&#1096;&#1097;&#1098;&#1099;&#1100;&#1101;&#1102;&#1103;"/>
   <l:gentext key="uppercase.alpha" text="&#1040;&#1041;&#1042;&#1043;&#1044;&#1045;&#1025;&#1046;&#1047;&#1048;&#1049;&#1050;&#1051;&#1052;&#1053;&#1054;&#1256;&#1055;&#1056;&#1057;&#1058;&#1059;&#1198;&#1060;&#1061;&#1062;&#1063;&#1064;&#1065;&#1066;&#1067;&#1068;&#1069;&#1070;&#1071;"/>
   <l:dingbat key="startquote" text="&#171;"/>
   <l:dingbat key="endquote" text="&#187;"/>
   <l:dingbat key="nestedstartquote" text="&#8222;"/>
   <l:dingbat key="nestedendquote" text="&#8220;"/>
   <l:dingbat key="singlestartquote" text="&#8218;"/>
   <l:dingbat key="singleendquote" text="&#8216;"/>
   <l:dingbat key="bullet" text="&#8226;"/>
   <l:gentext key="hyphenation-character" text="-"/>
   <l:gentext key="hyphenation-push-character-count" text="2"/>
   <l:gentext key="hyphenation-remain-character-count" text="3"/>

   <l:context name="styles">
      <l:template name="person-name" text="first-last"/>
   </l:context>

   <l:context name="title">
      <l:template name="abstract" text="%t"/>
      <l:template name="answer" text="%t"/>
      <l:template name="appendix" text="&#1061;&#1072;&#1074;&#1089;&#1088;&#1072;&#1083;&#1090; %n. %t"/>
      <l:template name="article" text="%t"/>
      <l:template name="authorblurb" text="%t"/>
      <l:template name="bibliodiv" text="%t"/>
      <l:template name="biblioentry" text="%t"/>
      <l:template name="bibliography" text="%t"/>
      <l:template name="bibliolist" text="%t" lang="en"/>
      <l:template name="bibliomixed" text="%t"/>
      <l:template name="bibliomset" text="%t"/>
      <l:template name="biblioset" text="%t"/>
      <l:template name="blockquote" text="%t"/>
      <l:template name="book" text="%t"/>
      <l:template name="calloutlist" text="%t"/>
      <l:template name="caution" text="%t"/>
      <l:template name="chapter" text="&#1041;&#1199;&#1083;&#1101;&#1075; %n. %t"/>
      <l:template name="colophon" text="%t"/>
      <l:template name="dedication" text="%t"/>
      <l:template name="equation" text="&#1058;&#1101;&#1075;&#1096;&#1080;&#1090;&#1075;&#1101;&#1083; %n. %t"/>
      <l:template name="example" text="&#1046;&#1080;&#1096;&#1101;&#1101; %n. %t"/>
      <l:template name="figure" text="&#1047;&#1091;&#1088;&#1072;&#1075; %n. %t"/>
      <l:template name="foil" text="%t" lang="en"/>
      <l:template name="foilgroup" text="%t" lang="en"/>
      <l:template name="formalpara" text="%t"/>
      <l:template name="glossary" text="%t"/>
      <l:template name="glossdiv" text="%t"/>
      <l:template name="glosslist" text="%t" lang="en"/>
      <l:template name="glossentry" text="%t"/>
      <l:template name="important" text="%t"/>
      <l:template name="index" text="%t"/>
      <l:template name="indexdiv" text="%t"/>
      <l:template name="itemizedlist" text="%t"/>
      <l:template name="legalnotice" text="%t"/>
      <l:template name="listitem" text=""/>
      <l:template name="lot" text="%t"/>
      <l:template name="msg" text="%t"/>
      <l:template name="msgexplan" text="%t"/>
      <l:template name="msgmain" text="%t"/>
      <l:template name="msgrel" text="%t"/>
      <l:template name="msgset" text="%t"/>
      <l:template name="msgsub" text="%t"/>
      <l:template name="note" text="%t"/>
      <l:template name="orderedlist" text="%t"/>
      <l:template name="part" text="&#1093;&#1101;&#1089;&#1101;&#1075; %n. %t"/>
      <l:template name="partintro" text="%t"/>
      <l:template name="preface" text="%t"/>
      <l:template name="procedure" text="%t"/>
      <l:template name="procedure.formal" text="&#1055;&#1088;&#1086;&#1094;&#1077;&#1076;&#1091;&#1088; %n. %t"/>
      <l:template name="productionset" text="%t"/>
      <l:template name="productionset.formal" text="&#1041;&#1199;&#1090;&#1101;&#1101;&#1075;&#1076;&#1101;&#1093;&#1199;&#1199;&#1085;&#160;%n"/>
      <l:template name="qandadiv" text="%t"/>
      <l:template name="qandaentry" text="%t"/>
      <l:template name="qandaset" text="%t"/>
      <l:template name="question" text="&#1040;: %n"/>
      <l:template name="refentry" text="%t"/>
      <l:template name="reference" text="%t"/>
      <l:template name="refsection" text="%t"/>
      <l:template name="refsect1" text="%t"/>
      <l:template name="refsect2" text="%t"/>
      <l:template name="refsect3" text="%t"/>
      <l:template name="refsynopsisdiv" text="%t"/>
      <l:template name="refsynopsisdivinfo" text="%t"/>
      <l:template name="segmentedlist" text="%t"/>
      <l:template name="set" text="%t"/>
      <l:template name="setindex" text="%t"/>
      <l:template name="sidebar" text="%t"/>
      <l:template name="step" text="%t"/>
      <l:template name="table" text="&#1061;&#1199;&#1089;&#1085;&#1101;&#1075;&#1090; %n. %t"/>
      <l:template name="task" text="%t"/>
      <l:template name="tasksummary" text="%t" lang="en"/>
      <l:template name="taskprerequisites" text="%t" lang="en"/>
      <l:template name="taskrelated" text="%t" lang="en"/>
      <l:template name="tip" text="%t"/>
      <l:template name="toc" text="%t"/>
      <l:template name="variablelist" text="%t"/>
      <l:template name="varlistentry" text="" lang="en"/>
      <l:template name="warning" text="%t"/>
   </l:context>

   <l:context name="title-unnumbered">
      <l:template name="appendix" text="%t"/>
      <l:template name="article/appendix" text="%t"/>
      <l:template name="bridgehead" text="%t"/>
      <l:template name="chapter" text="%t"/>
      <l:template name="sect1" text="%t"/>
      <l:template name="sect2" text="%t"/>
      <l:template name="sect3" text="%t"/>
      <l:template name="sect4" text="%t"/>
      <l:template name="sect5" text="%t"/>
      <l:template name="section" text="%t"/>
      <l:template name="simplesect" text="%t"/>
      <l:template name="part" text="%t" lang="en"/>
   </l:context>

   <l:context name="title-numbered">
      <l:template name="appendix" text="&#1061;&#1072;&#1074;&#1089;&#1088;&#1072;&#1083;&#1090; %n. %t"/>
      <l:template name="article/appendix" text="%n.&#160;%t"/>
      <l:template name="bridgehead" text="%n.&#160;%t"/>
      <l:template name="chapter" text="&#1041;&#1199;&#1083;&#1101;&#1075; %n. %t"/>
      <l:template name="sect1" text="%n. %t"/>
      <l:template name="sect2" text="%n. %t"/>
      <l:template name="sect3" text="%n. %t"/>
      <l:template name="sect4" text="%n. %t"/>
      <l:template name="sect5" text="%n. %t"/>
      <l:template name="section" text="%n. %t"/>
      <l:template name="simplesect" text="%n. %t"/>
      <l:template name="part" text="&#1093;&#1101;&#1089;&#1101;&#1075;&#160;%n.&#160;%t" lang="en"/>
   </l:context>

   <l:context name="subtitle">
      <l:template name="appendix" text="%s"/>
      <l:template name="article" text="%s"/>
      <l:template name="bibliodiv" text="%s"/>
      <l:template name="biblioentry" text="%s"/>
      <l:template name="bibliography" text="%s"/>
      <l:template name="bibliomixed" text="%s"/>
      <l:template name="bibliomset" text="%s"/>
      <l:template name="biblioset" text="%s"/>
      <l:template name="book" text="%s"/>
      <l:template name="chapter" text="%s"/>
      <l:template name="colophon" text="%s"/>
      <l:template name="dedication" text="%s"/>
      <l:template name="glossary" text="%s"/>
      <l:template name="glossdiv" text="%s"/>
      <l:template name="index" text="%s"/>
      <l:template name="indexdiv" text="%s"/>
      <l:template name="lot" text="%s"/>
      <l:template name="part" text="%s"/>
      <l:template name="partintro" text="%s"/>
      <l:template name="preface" text="%s"/>
      <l:template name="refentry" text="%s"/>
      <l:template name="reference" text="%s"/>
      <l:template name="refsection" text="%s"/>
      <l:template name="refsect1" text="%s"/>
      <l:template name="refsect2" text="%s"/>
      <l:template name="refsect3" text="%s"/>
      <l:template name="refsynopsisdiv" text="%s"/>
      <l:template name="sect1" text="%s"/>
      <l:template name="sect2" text="%s"/>
      <l:template name="sect3" text="%s"/>
      <l:template name="sect4" text="%s"/>
      <l:template name="sect5" text="%s"/>
      <l:template name="section" text="%s"/>
      <l:template name="set" text="%s"/>
      <l:template name="setindex" text="%s"/>
      <l:template name="sidebar" text="%s"/>
      <l:template name="simplesect" text="%s"/>
      <l:template name="toc" text="%s"/>
   </l:context>

   <l:context name="xref">
      <l:template name="abstract" text="%t"/>
      <l:template name="answer" text="&#1061;:&#160;%n"/>
      <l:template name="appendix" text="%t"/>
      <l:template name="article" text="%t"/>
      <l:template name="authorblurb" text="%t"/>
      <l:template name="bibliodiv" text="%t"/>
      <l:template name="bibliography" text="%t"/>
      <l:template name="bibliomset" text="%t"/>
      <l:template name="biblioset" text="%t"/>
      <l:template name="blockquote" text="%t"/>
      <l:template name="book" text="%t"/>
      <l:template name="calloutlist" text="%t"/>
      <l:template name="caution" text="%t"/>
      <l:template name="chapter" text="%t"/>
      <l:template name="colophon" text="%t"/>
      <l:template name="constraintdef" text="%t"/>
      <l:template name="dedication" text="%t"/>
      <l:template name="equation" text="%t"/>
      <l:template name="example" text="%t"/>
      <l:template name="figure" text="%t"/>
      <l:template name="foil" text="%t" lang="en"/>
      <l:template name="foilgroup" text="%t" lang="en"/>
      <l:template name="formalpara" text="%t"/>
      <l:template name="glossary" text="%t"/>
      <l:template name="glossdiv" text="%t"/>
      <l:template name="important" text="%t"/>
      <l:template name="index" text="%t"/>
      <l:template name="indexdiv" text="%t"/>
      <l:template name="itemizedlist" text="%t"/>
      <l:template name="legalnotice" text="%t"/>
      <l:template name="listitem" text="%n"/>
      <l:template name="lot" text="%t"/>
      <l:template name="msg" text="%t"/>
      <l:template name="msgexplan" text="%t"/>
      <l:template name="msgmain" text="%t"/>
      <l:template name="msgrel" text="%t"/>
      <l:template name="msgset" text="%t"/>
      <l:template name="msgsub" text="%t"/>
      <l:template name="note" text="%t"/>
      <l:template name="orderedlist" text="%t"/>
      <l:template name="part" text="%t"/>
      <l:template name="partintro" text="%t"/>
      <l:template name="preface" text="%t"/>
      <l:template name="procedure" text="%t"/>
      <l:template name="productionset" text="%t"/>
      <l:template name="qandadiv" text="%t"/>
      <l:template name="qandaentry" text="&#1040;:&#160;%n"/>
      <l:template name="qandaset" text="%t"/>
      <l:template name="question" text="&#1040;: %n"/>
      <l:template name="reference" text="%t"/>
      <l:template name="refsynopsisdiv" text="%t"/>
      <l:template name="segmentedlist" text="%t"/>
      <l:template name="set" text="%t"/>
      <l:template name="setindex" text="%t"/>
      <l:template name="sidebar" text="%t"/>
      <l:template name="table" text="%t"/>
      <l:template name="task" text="%t" lang="en"/>
      <l:template name="tip" text="%t"/>
      <l:template name="toc" text="%t"/>
      <l:template name="variablelist" text="%t"/>
      <l:template name="varlistentry" text="%n"/>
      <l:template name="warning" text="%t"/>
      <l:template name="olink.document.citation" text=" in %o" lang="en"/>
      <l:template name="olink.page.citation" text=" (page %p)" lang="en"/>
      <l:template name="page.citation" text=" [%p]"/>
      <l:template name="page" text="(Seite %p)"/>
      <l:template name="docname" text=" in %o" lang="en"/>
      <l:template name="docnamelong" text=" in the document titled %o" lang="en"/>
      <l:template name="pageabbrev" text="(S. %p)"/>
      <l:template name="Page" text="Seite %p"/>
      <l:template name="bridgehead" text="&#171;%t&#187;"/>
      <l:template name="refsection" text="&#171;%t&#187;"/>
      <l:template name="refsect1" text="&#171;%t&#187;"/>
      <l:template name="refsect2" text="&#171;%t&#187;"/>
      <l:template name="refsect3" text="&#171;%t&#187;"/>
      <l:template name="sect1" text="&#171;%t&#187;"/>
      <l:template name="sect2" text="&#171;%t&#187;"/>
      <l:template name="sect3" text="&#171;%t&#187;"/>
      <l:template name="sect4" text="&#171;%t&#187;"/>
      <l:template name="sect5" text="&#171;%t&#187;"/>
      <l:template name="section" text="&#171;%t&#187;"/>
      <l:template name="simplesect" text="&#171;%t&#187;"/>
   </l:context>

   <l:context name="xref-number">
      <l:template name="answer" text="&#1061;:&#160;%n"/>
      <l:template name="appendix" text="&#1061;&#1072;&#1074;&#1089;&#1088;&#1072;&#1083;&#1090;&#160;%n"/>
      <l:template name="bridgehead" text="&#1061;&#1101;&#1089;&#1101;&#1075;&#160;%n"/>
      <l:template name="chapter" text="&#1041;&#1199;&#1083;&#1101;&#1075;&#160;%n"/>
      <l:template name="equation" text="&#1058;&#1101;&#1075;&#1096;&#1080;&#1090;&#1075;&#1101;&#1083;&#160;%n"/>
      <l:template name="example" text="&#1046;&#1080;&#1096;&#1101;&#1101;&#160;%n"/>
      <l:template name="figure" text="&#1047;&#1091;&#1088;&#1072;&#1075;&#160;%n"/>
      <l:template name="part" text="&#1093;&#1101;&#1089;&#1101;&#1075;&#160;%n"/>
      <l:template name="procedure" text="&#1055;&#1088;&#1086;&#1094;&#1077;&#1076;&#1091;&#1088;&#160;%n"/>
      <l:template name="productionset" text="&#1041;&#1199;&#1090;&#1101;&#1101;&#1075;&#1076;&#1101;&#1093;&#1199;&#1199;&#1085;&#160;%n"/>
      <l:template name="qandadiv" text="&#1040; &amp; &#1061;&#160;%n"/>
      <l:template name="qandaentry" text="&#1040;:&#160;%n"/>
      <l:template name="question" text="&#1040;:&#160;%n"/>
      <l:template name="sect1" text="&#1061;&#1101;&#1089;&#1101;&#1075;&#160;%n"/>
      <l:template name="sect2" text="&#1061;&#1101;&#1089;&#1101;&#1075;&#160;%n"/>
      <l:template name="sect3" text="&#1061;&#1101;&#1089;&#1101;&#1075;&#160;%n"/>
      <l:template name="sect4" text="&#1061;&#1101;&#1089;&#1101;&#1075;&#160;%n"/>
      <l:template name="sect5" text="&#1061;&#1101;&#1089;&#1101;&#1075;&#160;%n"/>
      <l:template name="section" text="&#1061;&#1101;&#1089;&#1101;&#1075;&#160;%n"/>
      <l:template name="table" text="&#1061;&#1199;&#1089;&#1085;&#1101;&#1075;&#1090;&#160;%n"/>
   </l:context>

   <l:context name="xref-number-and-title">
      <l:template name="appendix" text="&#1061;&#1072;&#1074;&#1089;&#1088;&#1072;&#1083;&#1090;&#160;%n, %t"/>
      <l:template name="bridgehead" text="&#1061;&#1101;&#1089;&#1101;&#1075;&#160;%n, &#171;%t&#187;"/>
      <l:template name="chapter" text="&#1041;&#1199;&#1083;&#1101;&#1075;&#160;%n, %t"/>
      <l:template name="equation" text="&#1058;&#1101;&#1075;&#1096;&#1080;&#1090;&#1075;&#1101;&#1083;&#160;%n, &#171;%t&#187;"/>
      <l:template name="example" text="&#1046;&#1080;&#1096;&#1101;&#1101;&#160;%n, &#171;%t&#187;"/>
      <l:template name="figure" text="&#1047;&#1091;&#1088;&#1072;&#1075;&#160;%n, &#171;%t&#187;"/>
      <l:template name="part" text="&#1093;&#1101;&#1089;&#1101;&#1075;&#160;%n, &#171;%t&#187;"/>
      <l:template name="procedure" text="&#1055;&#1088;&#1086;&#1094;&#1077;&#1076;&#1091;&#1088;&#160;%n, &#171;%t&#187;"/>
      <l:template name="productionset" text="&#1041;&#1199;&#1090;&#1101;&#1101;&#1075;&#1076;&#1101;&#1093;&#1199;&#1199;&#1085;&#160;%n, &#171;%t&#187;"/>
      <l:template name="qandadiv" text="&#1040; &amp; &#1061;&#160;%n, &#171;%t&#187;"/>
      <l:template name="refsect1" text="&#1061;&#1101;&#1089;&#1075;&#1199;&#1199;&#1076;&#1080;&#1081;&#1085; &#1085;&#1101;&#1088;&#1089; &#171;%t&#187;"/>
      <l:template name="refsect2" text="&#1061;&#1101;&#1089;&#1075;&#1199;&#1199;&#1076;&#1080;&#1081;&#1085; &#1085;&#1101;&#1088;&#1089; &#171;%t&#187;"/>
      <l:template name="refsect3" text="&#1061;&#1101;&#1089;&#1075;&#1199;&#1199;&#1076;&#1080;&#1081;&#1085; &#1085;&#1101;&#1088;&#1089; &#171;%t&#187;"/>
      <l:template name="refsection" text="&#1061;&#1101;&#1089;&#1075;&#1199;&#1199;&#1076;&#1080;&#1081;&#1085; &#1085;&#1101;&#1088;&#1089; &#171;%t&#187;"/>
      <l:template name="sect1" text="&#1061;&#1101;&#1089;&#1101;&#1075;&#160;%n, &#171;%t&#187;"/>
      <l:template name="sect2" text="&#1061;&#1101;&#1089;&#1101;&#1075;&#160;%n, &#171;%t&#187;"/>
      <l:template name="sect3" text="&#1061;&#1101;&#1089;&#1101;&#1075;&#160;%n, &#171;%t&#187;"/>
      <l:template name="sect4" text="&#1061;&#1101;&#1089;&#1101;&#1075;&#160;%n, &#171;%t&#187;"/>
      <l:template name="sect5" text="&#1061;&#1101;&#1089;&#1101;&#1075;&#160;%n, &#171;%t&#187;"/>
      <l:template name="section" text="&#1061;&#1101;&#1089;&#1101;&#1075;&#160;%n, &#171;%t&#187;"/>
      <l:template name="simplesect" text="&#1061;&#1101;&#1089;&#1075;&#1199;&#1199;&#1076;&#1080;&#1081;&#1085; &#1085;&#1101;&#1088;&#1089; &#171;%t&#187;"/>
      <l:template name="table" text="&#1061;&#1199;&#1089;&#1085;&#1101;&#1075;&#1090;&#160;%n, &#171;%t&#187;"/>
   </l:context>

   <l:context name="authorgroup">
      <l:template name="sep" text=", "/>
      <l:template name="sep2" text=" &#1073;&#1072; "/>
      <l:template name="seplast" text=" &#1073;&#1072; "/>
   </l:context>

   <l:context name="glossary">
      <l:template name="see" text="&#1061;&#1072;&#1088;&#1085;&#1072; &#1091;&#1091; %t"/>
      <l:template name="seealso" text="&#1041;&#1072;&#1089; &#1093;&#1072;&#1088;&#1085;&#1072; &#1091;&#1091; %t"/>
   </l:context>

   <l:context name="msgset">
      <l:template name="MsgAud" text="&#1047;&#1086;&#1088;&#1080;&#1091;&#1083;&#1089;&#1072;&#1085;: "/>
      <l:template name="MsgLevel" text="&#1071;&#1072;&#1088;&#1072;&#1083;&#1090;&#1072;&#1081; &#1073;&#1072;&#1081;&#1076;&#1072;&#1083;: "/>
      <l:template name="MsgOrig" text="&#1198;&#1199;&#1089;&#1101;&#1083;: "/>
   </l:context>

   <l:context name="datetime">
      <l:template name="format" text="d.m.Y"/>
   </l:context>

   <l:context name="termdef">
      <l:template name="prefix" text="[Definition: " lang="en"/>
      <l:template name="suffix" text="]" lang="en"/>
   </l:context>

   <l:context name="datetime-full">
      <l:template name="January" text="&#1061;&#1091;&#1083;&#1075;&#1072;&#1085;&#1072;"/>
      <l:template name="February" text="&#1198;&#1093;&#1101;&#1088;"/>
      <l:template name="March" text="&#1041;&#1072;&#1088;"/>
      <l:template name="April" text="&#1058;&#1091;&#1091;&#1083;&#1072;&#1081;"/>
      <l:template name="May" text="&#1051;&#1091;&#1091;"/>
      <l:template name="June" text="&#1052;&#1086;&#1075;&#1086;&#1081;"/>
      <l:template name="July" text="&#1052;&#1086;&#1088;&#1100;"/>
      <l:template name="August" text="&#1061;&#1086;&#1085;&#1100;"/>
      <l:template name="September" text="&#1041;&#1080;&#1095;"/>
      <l:template name="October" text="&#1058;&#1072;&#1093;&#1080;&#1072;"/>
      <l:template name="November" text="&#1053;&#1086;&#1093;&#1086;&#1081;"/>
      <l:template name="December" text="&#1043;&#1072;&#1093;&#1072;&#1081;"/>
      <l:template name="Monday" text="&#1044;&#1072;&#1074;&#1072;&#1072;"/>
      <l:template name="Tuesday" text="&#1052;&#1103;&#1075;&#1084;&#1072;&#1088;"/>
      <l:template name="Wednesday" text="&#1051;&#1093;&#1072;&#1075;&#1074;&#1072;"/>
      <l:template name="Thursday" text="&#1055;&#1199;&#1088;&#1101;&#1074;"/>
      <l:template name="Friday" text="&#1041;&#1072;&#1072;&#1089;&#1072;&#1085;"/>
      <l:template name="Saturday" text="&#1041;&#1103;&#1084;&#1073;&#1072;"/>
      <l:template name="Sunday" text="&#1053;&#1103;&#1084;"/>
   </l:context>

   <l:context name="datetime-abbrev">
      <l:template name="Jan" text="&#1061;&#1091;&#1083;"/>
      <l:template name="Feb" text="&#1198;&#1093;&#1101;"/>
      <l:template name="Mar" text="&#1041;&#1072;&#1088;"/>
      <l:template name="Apr" text="&#1058;&#1091;&#1091;"/>
      <l:template name="May" text="&#1051;&#1091;&#1091;"/>
      <l:template name="Jun" text="&#1052;&#1086;&#1075;"/>
      <l:template name="Jul" text="&#1052;&#1086;&#1088;"/>
      <l:template name="Aug" text="&#1061;&#1086;&#1085;"/>
      <l:template name="Sep" text="&#1041;&#1080;&#1095;"/>
      <l:template name="Oct" text="&#1058;&#1072;&#1093;"/>
      <l:template name="Nov" text="&#1053;&#1086;&#1093;"/>
      <l:template name="Dec" text="&#1043;&#1072;&#1093;"/>
      <l:template name="Mon" text="&#1044;&#1072;"/>
      <l:template name="Tue" text="&#1052;&#1103;"/>
      <l:template name="Wed" text="&#1051;&#1093;"/>
      <l:template name="Thu" text="&#1055;&#1199;"/>
      <l:template name="Fri" text="&#1041;&#1072;"/>
      <l:template name="Sat" text="&#1041;&#1103;"/>
      <l:template name="Sun" text="&#1053;&#1103;"/>
   </l:context>

   <l:context name="htmlhelp">
      <l:template name="langcode" text="0x0450 Mongolian (MONGOLIA)"/>
   </l:context>

   <l:context name="index">
      <l:template name="term-separator" text=", " lang="en"/>
      <l:template name="number-separator" text=", " lang="en"/>
      <l:template name="range-separator" text="-" lang="en"/>
   </l:context>

   <l:letters>
      <l:l i="-1"/>
      <l:l i="0">Symbole</l:l>
      <l:l i="1">&#1040;</l:l>
      <l:l i="1">&#1072;</l:l>
      <l:l i="2">&#1041;</l:l>
      <l:l i="2">&#1073;</l:l>
      <l:l i="3">&#1042;</l:l>
      <l:l i="3">&#1074;</l:l>
      <l:l i="4">&#1043;</l:l>
      <l:l i="4">&#1075;</l:l>
      <l:l i="5">&#1044;</l:l>
      <l:l i="5">&#1076;</l:l>
      <l:l i="6">&#1045;</l:l>
      <l:l i="6">&#1077;</l:l>
      <l:l i="7">&#1025;</l:l>
      <l:l i="7">&#1105;</l:l>
      <l:l i="8">&#1046;</l:l>
      <l:l i="8">&#1078;</l:l>
      <l:l i="9">&#1047;</l:l>
      <l:l i="9">&#1079;</l:l>
      <l:l i="10">&#1048;</l:l>
      <l:l i="10">&#1080;</l:l>
      <l:l i="11">&#1049;</l:l>
      <l:l i="11">&#1081;</l:l>
      <l:l i="12">&#1050;</l:l>
      <l:l i="12">&#1082;</l:l>
      <l:l i="13">&#1051;</l:l>
      <l:l i="13">&#1083;</l:l>
      <l:l i="14">&#1052;</l:l>
      <l:l i="14">&#1084;</l:l>
      <l:l i="15">&#1053;</l:l>
      <l:l i="15">&#1085;</l:l>
      <l:l i="16">&#1054;</l:l>
      <l:l i="16">&#1086;</l:l>
      <l:l i="17">&#1256;</l:l>
      <l:l i="17">&#1257;</l:l>
      <l:l i="18">&#1055;</l:l>
      <l:l i="18">&#1087;</l:l>
      <l:l i="19">&#1056;</l:l>
      <l:l i="19">&#1088;</l:l>
      <l:l i="20">&#1057;</l:l>
      <l:l i="20">&#1089;</l:l>
      <l:l i="21">&#1058;</l:l>
      <l:l i="21">&#1090;</l:l>
      <l:l i="22">&#1059;</l:l>
      <l:l i="22">&#1091;</l:l>
      <l:l i="23">&#1198;</l:l>
      <l:l i="23">&#1199;</l:l>
      <l:l i="24">&#1060;</l:l>
      <l:l i="24">&#1092;</l:l>
      <l:l i="25">&#1061;</l:l>
      <l:l i="25">&#1093;</l:l>
      <l:l i="26">&#1062;</l:l>
      <l:l i="26">&#1094;</l:l>
      <l:l i="27">&#1063;</l:l>
      <l:l i="27">&#1095;</l:l>
      <l:l i="28">&#1064;</l:l>
      <l:l i="28">&#1096;</l:l>
      <l:l i="29">&#1065;</l:l>
      <l:l i="29">&#1097;</l:l>
      <l:l i="30">&#1066;</l:l>
      <l:l i="30">&#1098;</l:l>
      <l:l i="31">&#1067;</l:l>
      <l:l i="31">&#1099;</l:l>
      <l:l i="32">&#1068;</l:l>
      <l:l i="32">&#1100;</l:l>
      <l:l i="33">&#1069;</l:l>
      <l:l i="33">&#1101;</l:l>
      <l:l i="34">&#1070;</l:l>
      <l:l i="34">&#1102;</l:l>
      <l:l i="35">&#1071;</l:l>
      <l:l i="35">&#1103;</l:l>
   </l:letters>
</l:l10n>
