<?xml version="1.0" encoding="US-ASCII"?>
<l:l10n xmlns:l="http://docbook.sourceforge.net/xmlns/l10n/1.0" language="sk" english-language-name="Slovak">

<!-- * This file is generated automatically. -->
<!-- * To submit changes to this file upstream (to the DocBook Project) -->
<!-- * do not submit an edited version of this file. Instead, submit an -->
<!-- * edited version of the source file at the following location: -->
<!-- * -->
<!-- *  https://svn.sourceforge.net/svnroot/docbook/trunk/gentext/locale/sk.xml -->
<!-- * -->
<!-- * E-mail the edited sk.xml source file to: -->
<!-- * -->
<!-- *  docbook-developers@lists.sourceforge.net -->

<!-- ******************************************************************** -->

<!-- This file is part of the XSL DocBook Stylesheet distribution. -->
<!-- See ../README or http://docbook.sf.net/release/xsl/current/ for -->
<!-- copyright and other information. -->

<!-- ******************************************************************** -->

   <l:gentext key="Abstract" text="Abstrakt"/>
   <l:gentext key="abstract" text="Abstrakt"/>
   <l:gentext key="Answer" text="A:"/>
   <l:gentext key="answer" text="A:"/>
   <l:gentext key="Appendix" text="Dodatok"/>
   <l:gentext key="appendix" text="dodatok"/>
   <l:gentext key="Article" text="&#268;l&#225;nok"/>
   <l:gentext key="article" text="&#268;l&#225;nok"/>
   <l:gentext key="Author" text="Author" lang="en"/>
   <l:gentext key="Bibliography" text="Bibliografia"/>
   <l:gentext key="bibliography" text="Bibliografia"/>
   <l:gentext key="Book" text="Kniha"/>
   <l:gentext key="book" text="Kniha"/>
   <l:gentext key="CAUTION" text="V&#221;STRAHA"/>
   <l:gentext key="Caution" text="V&#253;straha"/>
   <l:gentext key="caution" text="V&#253;straha"/>
   <l:gentext key="Chapter" text="Kapitola"/>
   <l:gentext key="chapter" text="kapitola"/>
   <l:gentext key="Colophon" text="Tir&#225;&#382;"/>
   <l:gentext key="colophon" text="Tir&#225;&#382;"/>
   <l:gentext key="Copyright" text="Copyright"/>
   <l:gentext key="copyright" text="Copyright"/>
   <l:gentext key="Dedication" text="Venovanie"/>
   <l:gentext key="dedication" text="Venovanie"/>
   <l:gentext key="Edition" text="Vydanie"/>
   <l:gentext key="edition" text="Vydanie"/>
   <l:gentext key="Editor" text="Editor" lang="en"/>
   <l:gentext key="Equation" text="Rovnica"/>
   <l:gentext key="equation" text="Rovnica"/>
   <l:gentext key="Example" text="Pr&#237;klad"/>
   <l:gentext key="example" text="Pr&#237;klad"/>
   <l:gentext key="Figure" text="Obr&#225;zok"/>
   <l:gentext key="figure" text="Obr&#225;zok"/>
   <l:gentext key="Glossary" text="Slovn&#237;k"/>
   <l:gentext key="glossary" text="Slovn&#237;k"/>
   <l:gentext key="GlossSee" text="Pozri"/>
   <l:gentext key="glosssee" text="Pozri"/>
   <l:gentext key="GlossSeeAlso" text="Pozri tie&#382;"/>
   <l:gentext key="glossseealso" text="Pozri tie&#382;"/>
   <l:gentext key="IMPORTANT" text="D&#212;LE&#381;IT&#201;"/>
   <l:gentext key="important" text="D&#244;le&#382;it&#233;"/>
   <l:gentext key="Important" text="D&#244;le&#382;it&#233;"/>
   <l:gentext key="Index" text="Zoznam"/>
   <l:gentext key="index" text="Zoznam"/>
   <l:gentext key="ISBN" text="ISBN"/>
   <l:gentext key="isbn" text="ISBN"/>
   <l:gentext key="LegalNotice" text="Pr&#225;vna pozn&#225;mka"/>
   <l:gentext key="legalnotice" text="Pr&#225;vna pozn&#225;mka"/>
   <l:gentext key="MsgAud" text="Publikum"/>
   <l:gentext key="msgaud" text="Publikum"/>
   <l:gentext key="MsgLevel" text="&#218;rove&#328;"/>
   <l:gentext key="msglevel" text="&#218;rove&#328;"/>
   <l:gentext key="MsgOrig" text="P&#244;vod"/>
   <l:gentext key="msgorig" text="P&#244;vod"/>
   <l:gentext key="NOTE" text="POZN&#193;MKA"/>
   <l:gentext key="Note" text="Pozn&#225;mka"/>
   <l:gentext key="note" text="Pozn&#225;mka"/>
   <l:gentext key="Part" text="&#268;as&#357;"/>
   <l:gentext key="part" text="&#268;as&#357;"/>
   <l:gentext key="Preface" text="Predslov"/>
   <l:gentext key="preface" text="Predslov"/>
   <l:gentext key="Procedure" text="Postup"/>
   <l:gentext key="procedure" text="Postup"/>
   <l:gentext key="ProductionSet" text="Produkcia"/>
   <l:gentext key="PubDate" text="Publication Date" lang="en"/>
   <l:gentext key="pubdate" text="Publication date" lang="en"/>
   <l:gentext key="Published" text="Vydan&#233;"/>
   <l:gentext key="published" text="Vydan&#233;"/>
   <l:gentext key="Publisher" text="Publisher" lang="en"/>
   <l:gentext key="Qandadiv" text="Q &amp; A"/>
   <l:gentext key="qandadiv" text="Q &amp; A"/>
   <l:gentext key="QandASet" text="Frequently Asked Questions" lang="en"/>
   <l:gentext key="Question" text="Q:"/>
   <l:gentext key="question" text="Q:"/>
   <l:gentext key="RefEntry" text=""/>
   <l:gentext key="refentry" text=""/>
   <l:gentext key="Reference" text="Odkaz"/>
   <l:gentext key="reference" text="Odkaz"/>
   <l:gentext key="References" text="References" lang="en"/>
   <l:gentext key="RefName" text="Meno"/>
   <l:gentext key="refname" text="Meno"/>
   <l:gentext key="RefSection" text=""/>
   <l:gentext key="refsection" text=""/>
   <l:gentext key="RefSynopsisDiv" text="Preh&#318;ad"/>
   <l:gentext key="refsynopsisdiv" text="Preh&#318;ad"/>
   <l:gentext key="RevHistory" text="Preh&#318;ad rev&#237;zi&#237;"/>
   <l:gentext key="revhistory" text="Preh&#318;ad rev&#237;zi&#237;"/>
   <l:gentext key="revision" text="Rev&#237;zia"/>
   <l:gentext key="Revision" text="Rev&#237;zia"/>
   <l:gentext key="sect1" text="Oddiel"/>
   <l:gentext key="sect2" text="Oddiel"/>
   <l:gentext key="sect3" text="Oddiel"/>
   <l:gentext key="sect4" text="Oddiel"/>
   <l:gentext key="sect5" text="Oddiel"/>
   <l:gentext key="section" text="oddiel"/>
   <l:gentext key="Section" text="Oddiel"/>
   <l:gentext key="see" text="Pozri"/>
   <l:gentext key="See" text="Pozri"/>
   <l:gentext key="seealso" text="Pozri tie&#382;"/>
   <l:gentext key="Seealso" text="Pozri tie&#382;"/>
   <l:gentext key="SeeAlso" text="Pozri tie&#382;"/>
   <l:gentext key="set" text="Nastavi&#357;"/>
   <l:gentext key="Set" text="Nastavi&#357;"/>
   <l:gentext key="setindex" text="nastavi&#357; index"/>
   <l:gentext key="SetIndex" text="Nastavi&#357; index"/>
   <l:gentext key="Sidebar" text="Margin&#225;lia"/>
   <l:gentext key="sidebar" text="margin&#225;lia"/>
   <l:gentext key="step" text="krok"/>
   <l:gentext key="Step" text="Krok"/>
   <l:gentext key="table" text="Tabu&#318;ka"/>
   <l:gentext key="Table" text="Tabu&#318;ka"/>
   <l:gentext key="task" text="Task" lang="en"/>
   <l:gentext key="Task" text="Task" lang="en"/>
   <l:gentext key="tip" text="Tip"/>
   <l:gentext key="TIP" text="TIP"/>
   <l:gentext key="Tip" text="Tip"/>
   <l:gentext key="Warning" text="Varovanie"/>
   <l:gentext key="warning" text="Varovanie"/>
   <l:gentext key="WARNING" text="VAROVANIE"/>
   <l:gentext key="and" text="a"/>
   <l:gentext key="by" text="by"/>
   <l:gentext key="Edited" text="Vydan&#233;"/>
   <l:gentext key="edited" text="Vydan&#233;"/>
   <l:gentext key="Editedby" text="Zostavil: "/>
   <l:gentext key="editedby" text="Zostavil: "/>
   <l:gentext key="in" text="v"/>
   <l:gentext key="lastlistcomma" text=","/>
   <l:gentext key="listcomma" text=","/>
   <l:gentext key="nonexistantelement" text="neexistuj&#250;ci prvok"/>
   <l:gentext key="notes" text="Pozn&#225;mky"/>
   <l:gentext key="Notes" text="Pozn&#225;mky"/>
   <l:gentext key="Pgs" text="Str."/>
   <l:gentext key="pgs" text="Str."/>
   <l:gentext key="Revisedby" text="Revidoval: "/>
   <l:gentext key="revisedby" text="Revidoval: "/>
   <l:gentext key="TableNotes" text="Pozn&#225;mky"/>
   <l:gentext key="tablenotes" text="Pozn&#225;mky"/>
   <l:gentext key="TableofContents" text="Obsah"/>
   <l:gentext key="tableofcontents" text="Obsah"/>
   <l:gentext key="unexpectedelementname" text="Neo&#269;ak&#225;van&#233; meno prvku"/>
   <l:gentext key="unsupported" text="nepodporovan&#253;"/>
   <l:gentext key="xrefto" text="xref k"/>
   <l:gentext key="Authors" text="Authors" lang="en"/>
   <l:gentext key="copyeditor" text="Copy Editor" lang="en"/>
   <l:gentext key="graphicdesigner" text="Graphic Designer" lang="en"/>
   <l:gentext key="productioneditor" text="Production Editor" lang="en"/>
   <l:gentext key="technicaleditor" text="Technical Editor" lang="en"/>
   <l:gentext key="translator" text="Translator" lang="en"/>
   <l:gentext key="listofequations" text="Zoznam rovn&#237;c"/>
   <l:gentext key="ListofEquations" text="Zoznam rovn&#237;c"/>
   <l:gentext key="ListofExamples" text="Zoznam pr&#237;kladov"/>
   <l:gentext key="listofexamples" text="Zoznam pr&#237;kladov"/>
   <l:gentext key="ListofFigures" text="Zoznam obr&#225;zkov"/>
   <l:gentext key="listoffigures" text="Zoznam obr&#225;zkov"/>
   <l:gentext key="ListofProcedures" text="List of Procedures" lang="en"/>
   <l:gentext key="listofprocedures" text="List of Procedures" lang="en"/>
   <l:gentext key="listoftables" text="Zoznam tabuliek"/>
   <l:gentext key="ListofTables" text="Zoznam tabuliek"/>
   <l:gentext key="ListofUnknown" text="Zoznam nezn&#225;meho"/>
   <l:gentext key="listofunknown" text="Zoznam nezn&#225;meho"/>
   <l:gentext key="nav-home" text="Domov"/>
   <l:gentext key="nav-next" text="Nasleduj&#250;ci"/>
   <l:gentext key="nav-next-sibling" text="R&#253;chlo dopredu"/>
   <l:gentext key="nav-prev" text="Predch&#225;dzaj&#250;ci"/>
   <l:gentext key="nav-prev-sibling" text="R&#253;chlo nazp&#228;t"/>
   <l:gentext key="nav-up" text="Hore"/>
   <l:gentext key="nav-toc" text="ToC" lang="en"/>
   <l:gentext key="Draft" text="Koncept"/>
   <l:gentext key="above" text="nad"/>
   <l:gentext key="below" text="pod"/>
   <l:gentext key="sectioncalled" text="oddiel nazvan&#253;"/>
   <l:gentext key="index symbols" text="Symboly"/>
   <l:gentext key="lowercase.alpha" text="a&#225;&#228;bc&#269;d&#271;e&#233;fghi&#237;jkl&#314;&#318;mn&#328;o&#243;&#244;pqr&#341;s&#353;t&#357;u&#250;vwxy&#253;z&#382;"/>
   <l:gentext key="uppercase.alpha" text="A&#193;&#196;BC&#268;D&#270;E&#201;FGHI&#205;JKL&#313;&#317;MN&#327;O&#211;&#212;PQR&#340;S&#352;T&#356;U&#218;VWXY&#221;Z&#381;"/>
   <l:dingbat key="startquote" text="&#8220;"/>
   <l:dingbat key="endquote" text="&#8221;"/>
   <l:dingbat key="nestedstartquote" text="&#8216;"/>
   <l:dingbat key="nestedendquote" text="&#8217;"/>
   <l:dingbat key="singlestartquote" text="&#8216;" lang="en"/>
   <l:dingbat key="singleendquote" text="&#8217;" lang="en"/>
   <l:dingbat key="bullet" text="&#8226;"/>
   <l:gentext key="hyphenation-character" text="-" lang="en"/>
   <l:gentext key="hyphenation-push-character-count" text="2" lang="en"/>
   <l:gentext key="hyphenation-remain-character-count" text="2" lang="en"/>

   <l:context name="styles">
      <l:template name="person-name" text="first-last"/>
   </l:context>

   <l:context name="title">
      <l:template name="abstract" text="%t"/>
      <l:template name="answer" text="%t"/>
      <l:template name="appendix" text="Dodatok %n. %t"/>
      <l:template name="article" text="%t"/>
      <l:template name="authorblurb" text="%t"/>
      <l:template name="bibliodiv" text="%t"/>
      <l:template name="biblioentry" text="%t"/>
      <l:template name="bibliography" text="%t"/>
      <l:template name="bibliolist" text="%t" lang="en"/>
      <l:template name="bibliomixed" text="%t"/>
      <l:template name="bibliomset" text="%t"/>
      <l:template name="biblioset" text="%t"/>
      <l:template name="blockquote" text="%t"/>
      <l:template name="book" text="%t"/>
      <l:template name="calloutlist" text="%t"/>
      <l:template name="caution" text="%t"/>
      <l:template name="chapter" text="Kapitola %n. %t"/>
      <l:template name="colophon" text="%t"/>
      <l:template name="dedication" text="%t"/>
      <l:template name="equation" text="Rovnica %n. %t"/>
      <l:template name="example" text="Pr&#237;klad %n. %t"/>
      <l:template name="figure" text="Obr&#225;zok %n. %t"/>
      <l:template name="foil" text="%t" lang="en"/>
      <l:template name="foilgroup" text="%t" lang="en"/>
      <l:template name="formalpara" text="%t"/>
      <l:template name="glossary" text="%t"/>
      <l:template name="glossdiv" text="%t"/>
      <l:template name="glosslist" text="%t" lang="en"/>
      <l:template name="glossentry" text="%t" lang="en"/>
      <l:template name="important" text="%t"/>
      <l:template name="index" text="%t"/>
      <l:template name="indexdiv" text="%t"/>
      <l:template name="itemizedlist" text="%t"/>
      <l:template name="legalnotice" text="%t"/>
      <l:template name="listitem" text=""/>
      <l:template name="lot" text="%t"/>
      <l:template name="msg" text="%t"/>
      <l:template name="msgexplan" text="%t"/>
      <l:template name="msgmain" text="%t"/>
      <l:template name="msgrel" text="%t"/>
      <l:template name="msgset" text="%t"/>
      <l:template name="msgsub" text="%t"/>
      <l:template name="note" text="%t"/>
      <l:template name="orderedlist" text="%t"/>
      <l:template name="part" text="&#268;as&#357; %n. %t"/>
      <l:template name="partintro" text="%t"/>
      <l:template name="preface" text="%t"/>
      <l:template name="procedure" text="%t"/>
      <l:template name="procedure.formal" text="Postup&#160;%n.&#160;%t"/>
      <l:template name="productionset" text="%t"/>
      <l:template name="productionset.formal" text="Produkcia&#160;%n"/>
      <l:template name="qandadiv" text="%t"/>
      <l:template name="qandaentry" text="%t"/>
      <l:template name="qandaset" text="%t"/>
      <l:template name="question" text="%t"/>
      <l:template name="refentry" text="%t"/>
      <l:template name="reference" text="%t"/>
      <l:template name="refsection" text="%t"/>
      <l:template name="refsect1" text="%t"/>
      <l:template name="refsect2" text="%t"/>
      <l:template name="refsect3" text="%t"/>
      <l:template name="refsynopsisdiv" text="%t"/>
      <l:template name="refsynopsisdivinfo" text="%t"/>
      <l:template name="segmentedlist" text="%t"/>
      <l:template name="set" text="%t"/>
      <l:template name="setindex" text="%t"/>
      <l:template name="sidebar" text="%t"/>
      <l:template name="step" text="%t"/>
      <l:template name="table" text="Tabu&#318;ka %n. %t"/>
      <l:template name="task" text="%t" lang="en"/>
      <l:template name="tasksummary" text="%t" lang="en"/>
      <l:template name="taskprerequisites" text="%t" lang="en"/>
      <l:template name="taskrelated" text="%t" lang="en"/>
      <l:template name="tip" text="%t"/>
      <l:template name="toc" text="%t"/>
      <l:template name="variablelist" text="%t"/>
      <l:template name="varlistentry" text="" lang="en"/>
      <l:template name="warning" text="%t"/>
   </l:context>

   <l:context name="title-unnumbered">
      <l:template name="appendix" text="%t"/>
      <l:template name="article/appendix" text="%t" lang="en"/>
      <l:template name="bridgehead" text="%t"/>
      <l:template name="chapter" text="%t"/>
      <l:template name="sect1" text="%t"/>
      <l:template name="sect2" text="%t"/>
      <l:template name="sect3" text="%t"/>
      <l:template name="sect4" text="%t"/>
      <l:template name="sect5" text="%t"/>
      <l:template name="section" text="%t"/>
      <l:template name="simplesect" text="%t"/>
      <l:template name="part" text="%t" lang="en"/>
   </l:context>

   <l:context name="title-numbered">
      <l:template name="appendix" text="Dodatok %n. %t"/>
      <l:template name="article/appendix" text="%n.&#160;%t" lang="en"/>
      <l:template name="bridgehead" text="%t"/>
      <l:template name="chapter" text="Kapitola %n. %t"/>
      <l:template name="sect1" text="%n. %t"/>
      <l:template name="sect2" text="%n. %t"/>
      <l:template name="sect3" text="%n. %t"/>
      <l:template name="sect4" text="%n. %t"/>
      <l:template name="sect5" text="%n. %t"/>
      <l:template name="section" text="%n. %t"/>
      <l:template name="simplesect" text="%n. %t"/>
      <l:template name="part" text="&#268;as&#357;&#160;%n.&#160;%t" lang="en"/>
   </l:context>

   <l:context name="subtitle">
      <l:template name="appendix" text="%s"/>
      <l:template name="article" text="%s"/>
      <l:template name="bibliodiv" text="%s"/>
      <l:template name="biblioentry" text="%s"/>
      <l:template name="bibliography" text="%s"/>
      <l:template name="bibliomixed" text="%s"/>
      <l:template name="bibliomset" text="%s"/>
      <l:template name="biblioset" text="%s"/>
      <l:template name="book" text="%s"/>
      <l:template name="chapter" text="%s"/>
      <l:template name="colophon" text="%s"/>
      <l:template name="dedication" text="%s"/>
      <l:template name="glossary" text="%s"/>
      <l:template name="glossdiv" text="%s"/>
      <l:template name="index" text="%s"/>
      <l:template name="indexdiv" text="%s"/>
      <l:template name="lot" text="%s"/>
      <l:template name="part" text="%s"/>
      <l:template name="partintro" text="%s"/>
      <l:template name="preface" text="%s"/>
      <l:template name="refentry" text="%s"/>
      <l:template name="reference" text="%s"/>
      <l:template name="refsection" text="%s"/>
      <l:template name="refsect1" text="%s"/>
      <l:template name="refsect2" text="%s"/>
      <l:template name="refsect3" text="%s"/>
      <l:template name="refsynopsisdiv" text="%s"/>
      <l:template name="sect1" text="%s"/>
      <l:template name="sect2" text="%s"/>
      <l:template name="sect3" text="%s"/>
      <l:template name="sect4" text="%s"/>
      <l:template name="sect5" text="%s"/>
      <l:template name="section" text="%s"/>
      <l:template name="set" text="%s"/>
      <l:template name="setindex" text="%s"/>
      <l:template name="sidebar" text="%s"/>
      <l:template name="simplesect" text="%s"/>
      <l:template name="toc" text="%s"/>
   </l:context>

   <l:context name="xref">
      <l:template name="abstract" text="%t"/>
      <l:template name="answer" text="A:&#160;%n"/>
      <l:template name="appendix" text="%t"/>
      <l:template name="article" text="%t"/>
      <l:template name="authorblurb" text="%t"/>
      <l:template name="bibliodiv" text="%t"/>
      <l:template name="bibliography" text="%t"/>
      <l:template name="bibliomset" text="%t"/>
      <l:template name="biblioset" text="%t"/>
      <l:template name="blockquote" text="%t"/>
      <l:template name="book" text="%t"/>
      <l:template name="calloutlist" text="%t"/>
      <l:template name="caution" text="%t"/>
      <l:template name="chapter" text="%t"/>
      <l:template name="colophon" text="%t"/>
      <l:template name="constraintdef" text="%t"/>
      <l:template name="dedication" text="%t"/>
      <l:template name="equation" text="%t"/>
      <l:template name="example" text="%t"/>
      <l:template name="figure" text="%t"/>
      <l:template name="foil" text="%t" lang="en"/>
      <l:template name="foilgroup" text="%t" lang="en"/>
      <l:template name="formalpara" text="%t"/>
      <l:template name="glossary" text="%t"/>
      <l:template name="glossdiv" text="%t"/>
      <l:template name="important" text="%t"/>
      <l:template name="index" text="%t"/>
      <l:template name="indexdiv" text="%t"/>
      <l:template name="itemizedlist" text="%t"/>
      <l:template name="legalnotice" text="%t"/>
      <l:template name="listitem" text="%n"/>
      <l:template name="lot" text="%t"/>
      <l:template name="msg" text="%t"/>
      <l:template name="msgexplan" text="%t"/>
      <l:template name="msgmain" text="%t"/>
      <l:template name="msgrel" text="%t"/>
      <l:template name="msgset" text="%t"/>
      <l:template name="msgsub" text="%t"/>
      <l:template name="note" text="%t"/>
      <l:template name="orderedlist" text="%t"/>
      <l:template name="part" text="%t"/>
      <l:template name="partintro" text="%t"/>
      <l:template name="preface" text="%t"/>
      <l:template name="procedure" text="%t"/>
      <l:template name="productionset" text="%t"/>
      <l:template name="qandadiv" text="%t"/>
      <l:template name="qandaentry" text="Q:&#160;%n"/>
      <l:template name="qandaset" text="%t"/>
      <l:template name="question" text="Q:&#160;%n"/>
      <l:template name="reference" text="%t"/>
      <l:template name="refsynopsisdiv" text="%t"/>
      <l:template name="segmentedlist" text="%t"/>
      <l:template name="set" text="%t"/>
      <l:template name="setindex" text="%t"/>
      <l:template name="sidebar" text="%t"/>
      <l:template name="table" text="%t"/>
      <l:template name="task" text="%t" lang="en"/>
      <l:template name="tip" text="%t"/>
      <l:template name="toc" text="%t"/>
      <l:template name="variablelist" text="%t"/>
      <l:template name="varlistentry" text="%n"/>
      <l:template name="warning" text="%t"/>
      <l:template name="olink.document.citation" text=" in %o" lang="en"/>
      <l:template name="olink.page.citation" text=" (page %p)" lang="en"/>
      <l:template name="page.citation" text=" [%p]"/>
      <l:template name="page" text="(page %p)" lang="en"/>
      <l:template name="docname" text=" in %o" lang="en"/>
      <l:template name="docnamelong" text=" in the document titled %o" lang="en"/>
      <l:template name="pageabbrev" text="(p. %p)" lang="en"/>
      <l:template name="Page" text="Page %p" lang="en"/>
      <l:template name="bridgehead" text="&#8220;%t&#8221;"/>
      <l:template name="refsection" text="&#8220;%t&#8221;"/>
      <l:template name="refsect1" text="&#8220;%t&#8221;"/>
      <l:template name="refsect2" text="&#8220;%t&#8221;"/>
      <l:template name="refsect3" text="&#8220;%t&#8221;"/>
      <l:template name="sect1" text="&#8220;%t&#8221;"/>
      <l:template name="sect2" text="&#8220;%t&#8221;"/>
      <l:template name="sect3" text="&#8220;%t&#8221;"/>
      <l:template name="sect4" text="&#8220;%t&#8221;"/>
      <l:template name="sect5" text="&#8220;%t&#8221;"/>
      <l:template name="section" text="&#8220;%t&#8221;"/>
      <l:template name="simplesect" text="&#8220;%t&#8221;"/>
   </l:context>

   <l:context name="xref-number">
      <l:template name="answer" text="A:&#160;%n"/>
      <l:template name="appendix" text="Dodatok&#160;%n"/>
      <l:template name="bridgehead" text="Oddiel&#160;%n"/>
      <l:template name="chapter" text="Kapitola&#160;%n"/>
      <l:template name="equation" text="Rovnica&#160;%n"/>
      <l:template name="example" text="Pr&#237;klad&#160;%n"/>
      <l:template name="figure" text="Obr&#225;zok&#160;%n"/>
      <l:template name="part" text="&#268;as&#357;&#160;%n"/>
      <l:template name="procedure" text="Postup&#160;%n"/>
      <l:template name="productionset" text="Produkcia&#160;%n"/>
      <l:template name="qandadiv" text="Q &amp; A&#160;%n"/>
      <l:template name="qandaentry" text="Q:&#160;%n"/>
      <l:template name="question" text="Q:&#160;%n"/>
      <l:template name="sect1" text="Oddiel&#160;%n"/>
      <l:template name="sect2" text="Oddiel&#160;%n"/>
      <l:template name="sect3" text="Oddiel&#160;%n"/>
      <l:template name="sect4" text="Oddiel&#160;%n"/>
      <l:template name="sect5" text="Oddiel&#160;%n"/>
      <l:template name="section" text="Oddiel&#160;%n"/>
      <l:template name="table" text="Tabu&#318;ka&#160;%n"/>
   </l:context>

   <l:context name="xref-number-and-title">
      <l:template name="appendix" text="Dodatok&#160;%n, %t"/>
      <l:template name="bridgehead" text="Oddiel&#160;%n, &#8220;%t&#8221;"/>
      <l:template name="chapter" text="Kapitola&#160;%n, %t"/>
      <l:template name="equation" text="Rovnica&#160;%n, &#8220;%t&#8221;"/>
      <l:template name="example" text="Pr&#237;klad&#160;%n, &#8220;%t&#8221;"/>
      <l:template name="figure" text="Obr&#225;zok&#160;%n, &#8220;%t&#8221;"/>
      <l:template name="part" text="&#268;as&#357;&#160;%n, &#8220;%t&#8221;"/>
      <l:template name="procedure" text="Postup&#160;%n, &#8220;%t&#8221;"/>
      <l:template name="productionset" text="Produkcia&#160;%n, &#8220;%t&#8221;"/>
      <l:template name="qandadiv" text="Q &amp; A&#160;%n, &#8220;%t&#8221;"/>
      <l:template name="refsect1" text="oddiel nazvan&#253; &#8220;%t&#8221;"/>
      <l:template name="refsect2" text="oddiel nazvan&#253; &#8220;%t&#8221;"/>
      <l:template name="refsect3" text="oddiel nazvan&#253; &#8220;%t&#8221;"/>
      <l:template name="refsection" text="oddiel nazvan&#253; &#8220;%t&#8221;"/>
      <l:template name="sect1" text="Oddiel&#160;%n, &#8220;%t&#8221;"/>
      <l:template name="sect2" text="Oddiel&#160;%n, &#8220;%t&#8221;"/>
      <l:template name="sect3" text="Oddiel&#160;%n, &#8220;%t&#8221;"/>
      <l:template name="sect4" text="Oddiel&#160;%n, &#8220;%t&#8221;"/>
      <l:template name="sect5" text="Oddiel&#160;%n, &#8220;%t&#8221;"/>
      <l:template name="section" text="Oddiel&#160;%n, &#8220;%t&#8221;"/>
      <l:template name="simplesect" text="oddiel nazvan&#253; &#8220;%t&#8221;"/>
      <l:template name="table" text="Tabu&#318;ka&#160;%n, &#8220;%t&#8221;"/>
   </l:context>

   <l:context name="authorgroup">
      <l:template name="sep" text=", "/>
      <l:template name="sep2" text=" a "/>
      <l:template name="seplast" text=", a "/>
   </l:context>

   <l:context name="glossary">
      <l:template name="see" text="Pozri %t"/>
      <l:template name="seealso" text="Pozri tie&#382; %t"/>
   </l:context>

   <l:context name="msgset">
      <l:template name="MsgAud" text="Publikum: "/>
      <l:template name="MsgLevel" text="&#218;rove&#328;: "/>
      <l:template name="MsgOrig" text="P&#244;vod: "/>
   </l:context>

   <l:context name="datetime">
      <l:template name="format" text="d.&#160;B Y"/>
   </l:context>

   <l:context name="termdef">
      <l:template name="prefix" text="[Definition: " lang="en"/>
      <l:template name="suffix" text="]" lang="en"/>
   </l:context>

   <l:context name="datetime-full">
      <l:template name="January" text="janu&#225;ra"/>
      <l:template name="February" text="febru&#225;ra"/>
      <l:template name="March" text="marca"/>
      <l:template name="April" text="apr&#237;la"/>
      <l:template name="May" text="m&#225;ja"/>
      <l:template name="June" text="j&#250;na"/>
      <l:template name="July" text="j&#250;la"/>
      <l:template name="August" text="augusta"/>
      <l:template name="September" text="septembra"/>
      <l:template name="October" text="okt&#243;bra"/>
      <l:template name="November" text="novembra"/>
      <l:template name="December" text="decembra"/>
      <l:template name="Monday" text="pondelok"/>
      <l:template name="Tuesday" text="utorok"/>
      <l:template name="Wednesday" text="streda"/>
      <l:template name="Thursday" text="&#353;tvrtok"/>
      <l:template name="Friday" text="piatok"/>
      <l:template name="Saturday" text="sobota"/>
      <l:template name="Sunday" text="nede&#318;a"/>
   </l:context>

   <l:context name="datetime-abbrev">
      <l:template name="Jan" text="jan"/>
      <l:template name="Feb" text="feb"/>
      <l:template name="Mar" text="mar"/>
      <l:template name="Apr" text="apr"/>
      <l:template name="May" text="m&#225;j"/>
      <l:template name="Jun" text="j&#250;n"/>
      <l:template name="Jul" text="j&#250;l"/>
      <l:template name="Aug" text="aug"/>
      <l:template name="Sep" text="sep"/>
      <l:template name="Oct" text="okt"/>
      <l:template name="Nov" text="nov"/>
      <l:template name="Dec" text="dec"/>
      <l:template name="Mon" text="po"/>
      <l:template name="Tue" text="ut"/>
      <l:template name="Wed" text="st"/>
      <l:template name="Thu" text="&#353;t"/>
      <l:template name="Fri" text="pi"/>
      <l:template name="Sat" text="so"/>
      <l:template name="Sun" text="ne"/>
   </l:context>

   <l:context name="htmlhelp">
      <l:template name="langcode" text="0x041b Slovak"/>
   </l:context>

   <l:context name="index">
      <l:template name="term-separator" text=", " lang="en"/>
      <l:template name="number-separator" text=", " lang="en"/>
      <l:template name="range-separator" text="-" lang="en"/>
   </l:context>

   <l:letters lang="en">
      <l:l i="-1"/>
      <l:l i="0">Symbols</l:l>
      <l:l i="10">A</l:l>
      <l:l i="10">a</l:l>
      <l:l i="10">&#192;</l:l>
      <l:l i="10">&#224;</l:l>
      <l:l i="10">&#193;</l:l>
      <l:l i="10">&#225;</l:l>
      <l:l i="10">&#194;</l:l>
      <l:l i="10">&#226;</l:l>
      <l:l i="10">&#195;</l:l>
      <l:l i="10">&#227;</l:l>
      <l:l i="10">&#196;</l:l>
      <l:l i="10">&#228;</l:l>
      <l:l i="10">&#197;</l:l>
      <l:l i="10">&#229;</l:l>
      <l:l i="10">&#256;</l:l>
      <l:l i="10">&#257;</l:l>
      <l:l i="10">&#258;</l:l>
      <l:l i="10">&#259;</l:l>
      <l:l i="10">&#260;</l:l>
      <l:l i="10">&#261;</l:l>
      <l:l i="10">&#461;</l:l>
      <l:l i="10">&#462;</l:l>
      <l:l i="10">&#478;</l:l>
      <l:l i="10">&#479;</l:l>
      <l:l i="10">&#480;</l:l>
      <l:l i="10">&#481;</l:l>
      <l:l i="10">&#506;</l:l>
      <l:l i="10">&#507;</l:l>
      <l:l i="10">&#512;</l:l>
      <l:l i="10">&#513;</l:l>
      <l:l i="10">&#514;</l:l>
      <l:l i="10">&#515;</l:l>
      <l:l i="10">&#550;</l:l>
      <l:l i="10">&#551;</l:l>
      <l:l i="10">&#7680;</l:l>
      <l:l i="10">&#7681;</l:l>
      <l:l i="10">&#7834;</l:l>
      <l:l i="10">&#7840;</l:l>
      <l:l i="10">&#7841;</l:l>
      <l:l i="10">&#7842;</l:l>
      <l:l i="10">&#7843;</l:l>
      <l:l i="10">&#7844;</l:l>
      <l:l i="10">&#7845;</l:l>
      <l:l i="10">&#7846;</l:l>
      <l:l i="10">&#7847;</l:l>
      <l:l i="10">&#7848;</l:l>
      <l:l i="10">&#7849;</l:l>
      <l:l i="10">&#7850;</l:l>
      <l:l i="10">&#7851;</l:l>
      <l:l i="10">&#7852;</l:l>
      <l:l i="10">&#7853;</l:l>
      <l:l i="10">&#7854;</l:l>
      <l:l i="10">&#7855;</l:l>
      <l:l i="10">&#7856;</l:l>
      <l:l i="10">&#7857;</l:l>
      <l:l i="10">&#7858;</l:l>
      <l:l i="10">&#7859;</l:l>
      <l:l i="10">&#7860;</l:l>
      <l:l i="10">&#7861;</l:l>
      <l:l i="10">&#7862;</l:l>
      <l:l i="10">&#7863;</l:l>
      <l:l i="20">B</l:l>
      <l:l i="20">b</l:l>
      <l:l i="20">&#384;</l:l>
      <l:l i="20">&#385;</l:l>
      <l:l i="20">&#595;</l:l>
      <l:l i="20">&#386;</l:l>
      <l:l i="20">&#387;</l:l>
      <l:l i="20">&#7682;</l:l>
      <l:l i="20">&#7683;</l:l>
      <l:l i="20">&#7684;</l:l>
      <l:l i="20">&#7685;</l:l>
      <l:l i="20">&#7686;</l:l>
      <l:l i="20">&#7687;</l:l>
      <l:l i="30">C</l:l>
      <l:l i="30">c</l:l>
      <l:l i="30">&#199;</l:l>
      <l:l i="30">&#231;</l:l>
      <l:l i="30">&#262;</l:l>
      <l:l i="30">&#263;</l:l>
      <l:l i="30">&#264;</l:l>
      <l:l i="30">&#265;</l:l>
      <l:l i="30">&#266;</l:l>
      <l:l i="30">&#267;</l:l>
      <l:l i="30">&#268;</l:l>
      <l:l i="30">&#269;</l:l>
      <l:l i="30">&#391;</l:l>
      <l:l i="30">&#392;</l:l>
      <l:l i="30">&#597;</l:l>
      <l:l i="30">&#7688;</l:l>
      <l:l i="30">&#7689;</l:l>
      <l:l i="40">D</l:l>
      <l:l i="40">d</l:l>
      <l:l i="40">&#270;</l:l>
      <l:l i="40">&#271;</l:l>
      <l:l i="40">&#272;</l:l>
      <l:l i="40">&#273;</l:l>
      <l:l i="40">&#394;</l:l>
      <l:l i="40">&#599;</l:l>
      <l:l i="40">&#395;</l:l>
      <l:l i="40">&#396;</l:l>
      <l:l i="40">&#453;</l:l>
      <l:l i="40">&#498;</l:l>
      <l:l i="40">&#545;</l:l>
      <l:l i="40">&#598;</l:l>
      <l:l i="40">&#7690;</l:l>
      <l:l i="40">&#7691;</l:l>
      <l:l i="40">&#7692;</l:l>
      <l:l i="40">&#7693;</l:l>
      <l:l i="40">&#7694;</l:l>
      <l:l i="40">&#7695;</l:l>
      <l:l i="40">&#7696;</l:l>
      <l:l i="40">&#7697;</l:l>
      <l:l i="40">&#7698;</l:l>
      <l:l i="40">&#7699;</l:l>
      <l:l i="50">E</l:l>
      <l:l i="50">e</l:l>
      <l:l i="50">&#200;</l:l>
      <l:l i="50">&#232;</l:l>
      <l:l i="50">&#201;</l:l>
      <l:l i="50">&#233;</l:l>
      <l:l i="50">&#202;</l:l>
      <l:l i="50">&#234;</l:l>
      <l:l i="50">&#203;</l:l>
      <l:l i="50">&#235;</l:l>
      <l:l i="50">&#274;</l:l>
      <l:l i="50">&#275;</l:l>
      <l:l i="50">&#276;</l:l>
      <l:l i="50">&#277;</l:l>
      <l:l i="50">&#278;</l:l>
      <l:l i="50">&#279;</l:l>
      <l:l i="50">&#280;</l:l>
      <l:l i="50">&#281;</l:l>
      <l:l i="50">&#282;</l:l>
      <l:l i="50">&#283;</l:l>
      <l:l i="50">&#516;</l:l>
      <l:l i="50">&#517;</l:l>
      <l:l i="50">&#518;</l:l>
      <l:l i="50">&#519;</l:l>
      <l:l i="50">&#552;</l:l>
      <l:l i="50">&#553;</l:l>
      <l:l i="50">&#7700;</l:l>
      <l:l i="50">&#7701;</l:l>
      <l:l i="50">&#7702;</l:l>
      <l:l i="50">&#7703;</l:l>
      <l:l i="50">&#7704;</l:l>
      <l:l i="50">&#7705;</l:l>
      <l:l i="50">&#7706;</l:l>
      <l:l i="50">&#7707;</l:l>
      <l:l i="50">&#7708;</l:l>
      <l:l i="50">&#7709;</l:l>
      <l:l i="50">&#7864;</l:l>
      <l:l i="50">&#7865;</l:l>
      <l:l i="50">&#7866;</l:l>
      <l:l i="50">&#7867;</l:l>
      <l:l i="50">&#7868;</l:l>
      <l:l i="50">&#7869;</l:l>
      <l:l i="50">&#7870;</l:l>
      <l:l i="50">&#7871;</l:l>
      <l:l i="50">&#7872;</l:l>
      <l:l i="50">&#7873;</l:l>
      <l:l i="50">&#7874;</l:l>
      <l:l i="50">&#7875;</l:l>
      <l:l i="50">&#7876;</l:l>
      <l:l i="50">&#7877;</l:l>
      <l:l i="50">&#7878;</l:l>
      <l:l i="50">&#7879;</l:l>
      <l:l i="60">F</l:l>
      <l:l i="60">f</l:l>
      <l:l i="60">&#401;</l:l>
      <l:l i="60">&#402;</l:l>
      <l:l i="60">&#7710;</l:l>
      <l:l i="60">&#7711;</l:l>
      <l:l i="70">G</l:l>
      <l:l i="70">g</l:l>
      <l:l i="70">&#284;</l:l>
      <l:l i="70">&#285;</l:l>
      <l:l i="70">&#286;</l:l>
      <l:l i="70">&#287;</l:l>
      <l:l i="70">&#288;</l:l>
      <l:l i="70">&#289;</l:l>
      <l:l i="70">&#290;</l:l>
      <l:l i="70">&#291;</l:l>
      <l:l i="70">&#403;</l:l>
      <l:l i="70">&#608;</l:l>
      <l:l i="70">&#484;</l:l>
      <l:l i="70">&#485;</l:l>
      <l:l i="70">&#486;</l:l>
      <l:l i="70">&#487;</l:l>
      <l:l i="70">&#500;</l:l>
      <l:l i="70">&#501;</l:l>
      <l:l i="70">&#7712;</l:l>
      <l:l i="70">&#7713;</l:l>
      <l:l i="80">H</l:l>
      <l:l i="80">h</l:l>
      <l:l i="80">&#292;</l:l>
      <l:l i="80">&#293;</l:l>
      <l:l i="80">&#294;</l:l>
      <l:l i="80">&#295;</l:l>
      <l:l i="80">&#542;</l:l>
      <l:l i="80">&#543;</l:l>
      <l:l i="80">&#614;</l:l>
      <l:l i="80">&#7714;</l:l>
      <l:l i="80">&#7715;</l:l>
      <l:l i="80">&#7716;</l:l>
      <l:l i="80">&#7717;</l:l>
      <l:l i="80">&#7718;</l:l>
      <l:l i="80">&#7719;</l:l>
      <l:l i="80">&#7720;</l:l>
      <l:l i="80">&#7721;</l:l>
      <l:l i="80">&#7722;</l:l>
      <l:l i="80">&#7723;</l:l>
      <l:l i="80">&#7830;</l:l>
      <l:l i="90">I</l:l>
      <l:l i="90">i</l:l>
      <l:l i="90">&#204;</l:l>
      <l:l i="90">&#236;</l:l>
      <l:l i="90">&#205;</l:l>
      <l:l i="90">&#237;</l:l>
      <l:l i="90">&#206;</l:l>
      <l:l i="90">&#238;</l:l>
      <l:l i="90">&#207;</l:l>
      <l:l i="90">&#239;</l:l>
      <l:l i="90">&#296;</l:l>
      <l:l i="90">&#297;</l:l>
      <l:l i="90">&#298;</l:l>
      <l:l i="90">&#299;</l:l>
      <l:l i="90">&#300;</l:l>
      <l:l i="90">&#301;</l:l>
      <l:l i="90">&#302;</l:l>
      <l:l i="90">&#303;</l:l>
      <l:l i="90">&#304;</l:l>
      <l:l i="90">&#407;</l:l>
      <l:l i="90">&#616;</l:l>
      <l:l i="90">&#463;</l:l>
      <l:l i="90">&#464;</l:l>
      <l:l i="90">&#520;</l:l>
      <l:l i="90">&#521;</l:l>
      <l:l i="90">&#522;</l:l>
      <l:l i="90">&#523;</l:l>
      <l:l i="90">&#7724;</l:l>
      <l:l i="90">&#7725;</l:l>
      <l:l i="90">&#7726;</l:l>
      <l:l i="90">&#7727;</l:l>
      <l:l i="90">&#7880;</l:l>
      <l:l i="90">&#7881;</l:l>
      <l:l i="90">&#7882;</l:l>
      <l:l i="90">&#7883;</l:l>
      <l:l i="100">J</l:l>
      <l:l i="100">j</l:l>
      <l:l i="100">&#308;</l:l>
      <l:l i="100">&#309;</l:l>
      <l:l i="100">&#496;</l:l>
      <l:l i="100">&#669;</l:l>
      <l:l i="110">K</l:l>
      <l:l i="110">k</l:l>
      <l:l i="110">&#310;</l:l>
      <l:l i="110">&#311;</l:l>
      <l:l i="110">&#408;</l:l>
      <l:l i="110">&#409;</l:l>
      <l:l i="110">&#488;</l:l>
      <l:l i="110">&#489;</l:l>
      <l:l i="110">&#7728;</l:l>
      <l:l i="110">&#7729;</l:l>
      <l:l i="110">&#7730;</l:l>
      <l:l i="110">&#7731;</l:l>
      <l:l i="110">&#7732;</l:l>
      <l:l i="110">&#7733;</l:l>
      <l:l i="120">L</l:l>
      <l:l i="120">l</l:l>
      <l:l i="120">&#313;</l:l>
      <l:l i="120">&#314;</l:l>
      <l:l i="120">&#315;</l:l>
      <l:l i="120">&#316;</l:l>
      <l:l i="120">&#317;</l:l>
      <l:l i="120">&#318;</l:l>
      <l:l i="120">&#319;</l:l>
      <l:l i="120">&#320;</l:l>
      <l:l i="120">&#321;</l:l>
      <l:l i="120">&#322;</l:l>
      <l:l i="120">&#410;</l:l>
      <l:l i="120">&#456;</l:l>
      <l:l i="120">&#564;</l:l>
      <l:l i="120">&#619;</l:l>
      <l:l i="120">&#620;</l:l>
      <l:l i="120">&#621;</l:l>
      <l:l i="120">&#7734;</l:l>
      <l:l i="120">&#7735;</l:l>
      <l:l i="120">&#7736;</l:l>
      <l:l i="120">&#7737;</l:l>
      <l:l i="120">&#7738;</l:l>
      <l:l i="120">&#7739;</l:l>
      <l:l i="120">&#7740;</l:l>
      <l:l i="120">&#7741;</l:l>
      <l:l i="130">M</l:l>
      <l:l i="130">m</l:l>
      <l:l i="130">&#625;</l:l>
      <l:l i="130">&#7742;</l:l>
      <l:l i="130">&#7743;</l:l>
      <l:l i="130">&#7744;</l:l>
      <l:l i="130">&#7745;</l:l>
      <l:l i="130">&#7746;</l:l>
      <l:l i="130">&#7747;</l:l>
      <l:l i="140">N</l:l>
      <l:l i="140">n</l:l>
      <l:l i="140">&#209;</l:l>
      <l:l i="140">&#241;</l:l>
      <l:l i="140">&#323;</l:l>
      <l:l i="140">&#324;</l:l>
      <l:l i="140">&#325;</l:l>
      <l:l i="140">&#326;</l:l>
      <l:l i="140">&#327;</l:l>
      <l:l i="140">&#328;</l:l>
      <l:l i="140">&#413;</l:l>
      <l:l i="140">&#626;</l:l>
      <l:l i="140">&#414;</l:l>
      <l:l i="140">&#544;</l:l>
      <l:l i="140">&#459;</l:l>
      <l:l i="140">&#504;</l:l>
      <l:l i="140">&#505;</l:l>
      <l:l i="140">&#565;</l:l>
      <l:l i="140">&#627;</l:l>
      <l:l i="140">&#7748;</l:l>
      <l:l i="140">&#7749;</l:l>
      <l:l i="140">&#7750;</l:l>
      <l:l i="140">&#7751;</l:l>
      <l:l i="140">&#7752;</l:l>
      <l:l i="140">&#7753;</l:l>
      <l:l i="140">&#7754;</l:l>
      <l:l i="140">&#7755;</l:l>
      <l:l i="150">O</l:l>
      <l:l i="150">o</l:l>
      <l:l i="150">&#210;</l:l>
      <l:l i="150">&#242;</l:l>
      <l:l i="150">&#211;</l:l>
      <l:l i="150">&#243;</l:l>
      <l:l i="150">&#212;</l:l>
      <l:l i="150">&#244;</l:l>
      <l:l i="150">&#213;</l:l>
      <l:l i="150">&#245;</l:l>
      <l:l i="150">&#214;</l:l>
      <l:l i="150">&#246;</l:l>
      <l:l i="150">&#216;</l:l>
      <l:l i="150">&#248;</l:l>
      <l:l i="150">&#332;</l:l>
      <l:l i="150">&#333;</l:l>
      <l:l i="150">&#334;</l:l>
      <l:l i="150">&#335;</l:l>
      <l:l i="150">&#336;</l:l>
      <l:l i="150">&#337;</l:l>
      <l:l i="150">&#415;</l:l>
      <l:l i="150">&#416;</l:l>
      <l:l i="150">&#417;</l:l>
      <l:l i="150">&#465;</l:l>
      <l:l i="150">&#466;</l:l>
      <l:l i="150">&#490;</l:l>
      <l:l i="150">&#491;</l:l>
      <l:l i="150">&#492;</l:l>
      <l:l i="150">&#493;</l:l>
      <l:l i="150">&#510;</l:l>
      <l:l i="150">&#511;</l:l>
      <l:l i="150">&#524;</l:l>
      <l:l i="150">&#525;</l:l>
      <l:l i="150">&#526;</l:l>
      <l:l i="150">&#527;</l:l>
      <l:l i="150">&#554;</l:l>
      <l:l i="150">&#555;</l:l>
      <l:l i="150">&#556;</l:l>
      <l:l i="150">&#557;</l:l>
      <l:l i="150">&#558;</l:l>
      <l:l i="150">&#559;</l:l>
      <l:l i="150">&#560;</l:l>
      <l:l i="150">&#561;</l:l>
      <l:l i="150">&#7756;</l:l>
      <l:l i="150">&#7757;</l:l>
      <l:l i="150">&#7758;</l:l>
      <l:l i="150">&#7759;</l:l>
      <l:l i="150">&#7760;</l:l>
      <l:l i="150">&#7761;</l:l>
      <l:l i="150">&#7762;</l:l>
      <l:l i="150">&#7763;</l:l>
      <l:l i="150">&#7884;</l:l>
      <l:l i="150">&#7885;</l:l>
      <l:l i="150">&#7886;</l:l>
      <l:l i="150">&#7887;</l:l>
      <l:l i="150">&#7888;</l:l>
      <l:l i="150">&#7889;</l:l>
      <l:l i="150">&#7890;</l:l>
      <l:l i="150">&#7891;</l:l>
      <l:l i="150">&#7892;</l:l>
      <l:l i="150">&#7893;</l:l>
      <l:l i="150">&#7894;</l:l>
      <l:l i="150">&#7895;</l:l>
      <l:l i="150">&#7896;</l:l>
      <l:l i="150">&#7897;</l:l>
      <l:l i="150">&#7898;</l:l>
      <l:l i="150">&#7899;</l:l>
      <l:l i="150">&#7900;</l:l>
      <l:l i="150">&#7901;</l:l>
      <l:l i="150">&#7902;</l:l>
      <l:l i="150">&#7903;</l:l>
      <l:l i="150">&#7904;</l:l>
      <l:l i="150">&#7905;</l:l>
      <l:l i="150">&#7906;</l:l>
      <l:l i="150">&#7907;</l:l>
      <l:l i="160">P</l:l>
      <l:l i="160">p</l:l>
      <l:l i="160">&#420;</l:l>
      <l:l i="160">&#421;</l:l>
      <l:l i="160">&#7764;</l:l>
      <l:l i="160">&#7765;</l:l>
      <l:l i="160">&#7766;</l:l>
      <l:l i="160">&#7767;</l:l>
      <l:l i="170">Q</l:l>
      <l:l i="170">q</l:l>
      <l:l i="170">&#672;</l:l>
      <l:l i="180">R</l:l>
      <l:l i="180">r</l:l>
      <l:l i="180">&#340;</l:l>
      <l:l i="180">&#341;</l:l>
      <l:l i="180">&#342;</l:l>
      <l:l i="180">&#343;</l:l>
      <l:l i="180">&#344;</l:l>
      <l:l i="180">&#345;</l:l>
      <l:l i="180">&#528;</l:l>
      <l:l i="180">&#529;</l:l>
      <l:l i="180">&#530;</l:l>
      <l:l i="180">&#531;</l:l>
      <l:l i="180">&#636;</l:l>
      <l:l i="180">&#637;</l:l>
      <l:l i="180">&#638;</l:l>
      <l:l i="180">&#7768;</l:l>
      <l:l i="180">&#7769;</l:l>
      <l:l i="180">&#7770;</l:l>
      <l:l i="180">&#7771;</l:l>
      <l:l i="180">&#7772;</l:l>
      <l:l i="180">&#7773;</l:l>
      <l:l i="180">&#7774;</l:l>
      <l:l i="180">&#7775;</l:l>
      <l:l i="190">S</l:l>
      <l:l i="190">s</l:l>
      <l:l i="190">&#346;</l:l>
      <l:l i="190">&#347;</l:l>
      <l:l i="190">&#348;</l:l>
      <l:l i="190">&#349;</l:l>
      <l:l i="190">&#350;</l:l>
      <l:l i="190">&#351;</l:l>
      <l:l i="190">&#352;</l:l>
      <l:l i="190">&#353;</l:l>
      <l:l i="190">&#536;</l:l>
      <l:l i="190">&#537;</l:l>
      <l:l i="190">&#642;</l:l>
      <l:l i="190">&#7776;</l:l>
      <l:l i="190">&#7777;</l:l>
      <l:l i="190">&#7778;</l:l>
      <l:l i="190">&#7779;</l:l>
      <l:l i="190">&#7780;</l:l>
      <l:l i="190">&#7781;</l:l>
      <l:l i="190">&#7782;</l:l>
      <l:l i="190">&#7783;</l:l>
      <l:l i="190">&#7784;</l:l>
      <l:l i="190">&#7785;</l:l>
      <l:l i="200">T</l:l>
      <l:l i="200">t</l:l>
      <l:l i="200">&#354;</l:l>
      <l:l i="200">&#355;</l:l>
      <l:l i="200">&#356;</l:l>
      <l:l i="200">&#357;</l:l>
      <l:l i="200">&#358;</l:l>
      <l:l i="200">&#359;</l:l>
      <l:l i="200">&#427;</l:l>
      <l:l i="200">&#428;</l:l>
      <l:l i="200">&#429;</l:l>
      <l:l i="200">&#430;</l:l>
      <l:l i="200">&#648;</l:l>
      <l:l i="200">&#538;</l:l>
      <l:l i="200">&#539;</l:l>
      <l:l i="200">&#566;</l:l>
      <l:l i="200">&#7786;</l:l>
      <l:l i="200">&#7787;</l:l>
      <l:l i="200">&#7788;</l:l>
      <l:l i="200">&#7789;</l:l>
      <l:l i="200">&#7790;</l:l>
      <l:l i="200">&#7791;</l:l>
      <l:l i="200">&#7792;</l:l>
      <l:l i="200">&#7793;</l:l>
      <l:l i="200">&#7831;</l:l>
      <l:l i="210">U</l:l>
      <l:l i="210">u</l:l>
      <l:l i="210">&#217;</l:l>
      <l:l i="210">&#249;</l:l>
      <l:l i="210">&#218;</l:l>
      <l:l i="210">&#250;</l:l>
      <l:l i="210">&#219;</l:l>
      <l:l i="210">&#251;</l:l>
      <l:l i="210">&#220;</l:l>
      <l:l i="210">&#252;</l:l>
      <l:l i="210">&#360;</l:l>
      <l:l i="210">&#361;</l:l>
      <l:l i="210">&#362;</l:l>
      <l:l i="210">&#363;</l:l>
      <l:l i="210">&#364;</l:l>
      <l:l i="210">&#365;</l:l>
      <l:l i="210">&#366;</l:l>
      <l:l i="210">&#367;</l:l>
      <l:l i="210">&#368;</l:l>
      <l:l i="210">&#369;</l:l>
      <l:l i="210">&#370;</l:l>
      <l:l i="210">&#371;</l:l>
      <l:l i="210">&#431;</l:l>
      <l:l i="210">&#432;</l:l>
      <l:l i="210">&#467;</l:l>
      <l:l i="210">&#468;</l:l>
      <l:l i="210">&#469;</l:l>
      <l:l i="210">&#470;</l:l>
      <l:l i="210">&#471;</l:l>
      <l:l i="210">&#472;</l:l>
      <l:l i="210">&#473;</l:l>
      <l:l i="210">&#474;</l:l>
      <l:l i="210">&#475;</l:l>
      <l:l i="210">&#476;</l:l>
      <l:l i="210">&#532;</l:l>
      <l:l i="210">&#533;</l:l>
      <l:l i="210">&#534;</l:l>
      <l:l i="210">&#535;</l:l>
      <l:l i="210">&#7794;</l:l>
      <l:l i="210">&#7795;</l:l>
      <l:l i="210">&#7796;</l:l>
      <l:l i="210">&#7797;</l:l>
      <l:l i="210">&#7798;</l:l>
      <l:l i="210">&#7799;</l:l>
      <l:l i="210">&#7800;</l:l>
      <l:l i="210">&#7801;</l:l>
      <l:l i="210">&#7802;</l:l>
      <l:l i="210">&#7803;</l:l>
      <l:l i="210">&#7908;</l:l>
      <l:l i="210">&#7909;</l:l>
      <l:l i="210">&#7910;</l:l>
      <l:l i="210">&#7911;</l:l>
      <l:l i="210">&#7912;</l:l>
      <l:l i="210">&#7913;</l:l>
      <l:l i="210">&#7914;</l:l>
      <l:l i="210">&#7915;</l:l>
      <l:l i="210">&#7916;</l:l>
      <l:l i="210">&#7917;</l:l>
      <l:l i="210">&#7918;</l:l>
      <l:l i="210">&#7919;</l:l>
      <l:l i="210">&#7920;</l:l>
      <l:l i="210">&#7921;</l:l>
      <l:l i="220">V</l:l>
      <l:l i="220">v</l:l>
      <l:l i="220">&#434;</l:l>
      <l:l i="220">&#651;</l:l>
      <l:l i="220">&#7804;</l:l>
      <l:l i="220">&#7805;</l:l>
      <l:l i="220">&#7806;</l:l>
      <l:l i="220">&#7807;</l:l>
      <l:l i="230">W</l:l>
      <l:l i="230">w</l:l>
      <l:l i="230">&#372;</l:l>
      <l:l i="230">&#373;</l:l>
      <l:l i="230">&#7808;</l:l>
      <l:l i="230">&#7809;</l:l>
      <l:l i="230">&#7810;</l:l>
      <l:l i="230">&#7811;</l:l>
      <l:l i="230">&#7812;</l:l>
      <l:l i="230">&#7813;</l:l>
      <l:l i="230">&#7814;</l:l>
      <l:l i="230">&#7815;</l:l>
      <l:l i="230">&#7816;</l:l>
      <l:l i="230">&#7817;</l:l>
      <l:l i="230">&#7832;</l:l>
      <l:l i="240">X</l:l>
      <l:l i="240">x</l:l>
      <l:l i="240">&#7818;</l:l>
      <l:l i="240">&#7819;</l:l>
      <l:l i="240">&#7820;</l:l>
      <l:l i="240">&#7821;</l:l>
      <l:l i="250">Y</l:l>
      <l:l i="250">y</l:l>
      <l:l i="250">&#221;</l:l>
      <l:l i="250">&#253;</l:l>
      <l:l i="250">&#255;</l:l>
      <l:l i="250">&#376;</l:l>
      <l:l i="250">&#374;</l:l>
      <l:l i="250">&#375;</l:l>
      <l:l i="250">&#435;</l:l>
      <l:l i="250">&#436;</l:l>
      <l:l i="250">&#562;</l:l>
      <l:l i="250">&#563;</l:l>
      <l:l i="250">&#7822;</l:l>
      <l:l i="250">&#7823;</l:l>
      <l:l i="250">&#7833;</l:l>
      <l:l i="250">&#7922;</l:l>
      <l:l i="250">&#7923;</l:l>
      <l:l i="250">&#7924;</l:l>
      <l:l i="250">&#7925;</l:l>
      <l:l i="250">&#7926;</l:l>
      <l:l i="250">&#7927;</l:l>
      <l:l i="250">&#7928;</l:l>
      <l:l i="250">&#7929;</l:l>
      <l:l i="260">Z</l:l>
      <l:l i="260">z</l:l>
      <l:l i="260">&#377;</l:l>
      <l:l i="260">&#378;</l:l>
      <l:l i="260">&#379;</l:l>
      <l:l i="260">&#380;</l:l>
      <l:l i="260">&#381;</l:l>
      <l:l i="260">&#382;</l:l>
      <l:l i="260">&#437;</l:l>
      <l:l i="260">&#438;</l:l>
      <l:l i="260">&#548;</l:l>
      <l:l i="260">&#549;</l:l>
      <l:l i="260">&#656;</l:l>
      <l:l i="260">&#657;</l:l>
      <l:l i="260">&#7824;</l:l>
      <l:l i="260">&#7825;</l:l>
      <l:l i="260">&#7826;</l:l>
      <l:l i="260">&#7827;</l:l>
      <l:l i="260">&#7828;</l:l>
      <l:l i="260">&#7829;</l:l>
   </l:letters>
</l:l10n>
