<?xml version="1.0" encoding="UTF-8" standalone="yes"?>
<?mso-application progid="Word.Document"?>
<w:wordDocument xmlns:w="http://schemas.microsoft.com/office/word/2003/wordml" xmlns:v="urn:schemas-microsoft-com:vml" xmlns:w10="urn:schemas-microsoft-com:office:word" xmlns:sl="http://schemas.microsoft.com/schemaLibrary/2003/core" xmlns:aml="http://schemas.microsoft.com/aml/2001/core" xmlns:wx="http://schemas.microsoft.com/office/word/2003/auxHint" xmlns:o="urn:schemas-microsoft-com:office:office" xmlns:dt="uuid:C2F41010-65B3-11d1-A29F-00AA00C14882" w:macrosPresent="no" w:embeddedObjPresent="no" w:ocxPresent="no" xml:space="preserve"><o:DocumentProperties><o:Title>This document left intentionally blank</o:Title><o:Author>Steve Ball</o:Author><o:LastAuthor>Steve Ball</o:LastAuthor><o:Revision>6</o:Revision><o:TotalTime>15</o:TotalTime><o:Created>2005-11-03T21:43:00Z</o:Created><o:LastSaved>2006-02-21T23:01:00Z</o:LastSaved><o:Pages>1</o:Pages><o:Words>5</o:Words><o:Characters>35</o:Characters><o:Lines>1</o:Lines><o:Paragraphs>1</o:Paragraphs><o:CharactersWithSpaces>39</o:CharactersWithSpaces><o:Version>11.6113</o:Version></o:DocumentProperties><w:fonts><w:defaultFonts w:ascii="Times New Roman" w:fareast="Times New Roman" w:h-ansi="Times New Roman" w:cs="Times New Roman"/><w:font w:name="Wingdings"><w:panose-1 w:val="05000000000000000000"/><w:charset w:val="02"/><w:family w:val="Auto"/><w:pitch w:val="variable"/><w:sig w:usb-0="00000000" w:usb-1="10000000" w:usb-2="00000000" w:usb-3="00000000" w:csb-0="80000000" w:csb-1="00000000"/></w:font><w:font w:name="Arial Narrow"><w:panose-1 w:val="020B0506020202030204"/><w:charset w:val="00"/><w:family w:val="Swiss"/><w:pitch w:val="variable"/><w:sig w:usb-0="00000287" w:usb-1="00000000" w:usb-2="00000000" w:usb-3="00000000" w:csb-0="0000009F" w:csb-1="00000000"/></w:font><w:font w:name="Lucida Sans Unicode"><w:panose-1 w:val="020B0602030504020204"/><w:charset w:val="00"/><w:family w:val="Swiss"/><w:pitch w:val="variable"/><w:sig w:usb-0="80001AFF" w:usb-1="0000396B" w:usb-2="00000000" w:usb-3="00000000" w:csb-0="0000003F" w:csb-1="00000000"/></w:font></w:fonts><w:lists><w:listDef w:listDefId="0"><w:lsid w:val="08CF1663"/><w:plt w:val="Multilevel"/><w:tmpl w:val="0409001D"/><w:lvl w:ilvl="0"><w:start w:val="1"/><w:lvlText w:val="%1)"/><w:lvlJc w:val="left"/><w:pPr><w:tabs><w:tab w:val="list" w:pos="360"/></w:tabs><w:ind w:left="360" w:hanging="360"/></w:pPr></w:lvl><w:lvl w:ilvl="1"><w:start w:val="1"/><w:nfc w:val="4"/><w:lvlText w:val="%2)"/><w:lvlJc w:val="left"/><w:pPr><w:tabs><w:tab w:val="list" w:pos="720"/></w:tabs><w:ind w:left="720" w:hanging="360"/></w:pPr></w:lvl><w:lvl w:ilvl="2"><w:start w:val="1"/><w:nfc w:val="2"/><w:lvlText w:val="%3)"/><w:lvlJc w:val="left"/><w:pPr><w:tabs><w:tab w:val="list" w:pos="1080"/></w:tabs><w:ind w:left="1080" w:hanging="360"/></w:pPr></w:lvl><w:lvl w:ilvl="3"><w:start w:val="1"/><w:lvlText w:val="(%4)"/><w:lvlJc w:val="left"/><w:pPr><w:tabs><w:tab w:val="list" w:pos="1440"/></w:tabs><w:ind w:left="1440" w:hanging="360"/></w:pPr></w:lvl><w:lvl w:ilvl="4"><w:start w:val="1"/><w:nfc w:val="4"/><w:lvlText w:val="(%5)"/><w:lvlJc w:val="left"/><w:pPr><w:tabs><w:tab w:val="list" w:pos="1800"/></w:tabs><w:ind w:left="1800" w:hanging="360"/></w:pPr></w:lvl><w:lvl w:ilvl="5"><w:start w:val="1"/><w:nfc w:val="2"/><w:lvlText w:val="(%6)"/><w:lvlJc w:val="left"/><w:pPr><w:tabs><w:tab w:val="list" w:pos="2160"/></w:tabs><w:ind w:left="2160" w:hanging="360"/></w:pPr></w:lvl><w:lvl w:ilvl="6"><w:start w:val="1"/><w:lvlText w:val="%7."/><w:lvlJc w:val="left"/><w:pPr><w:tabs><w:tab w:val="list" w:pos="2520"/></w:tabs><w:ind w:left="2520" w:hanging="360"/></w:pPr></w:lvl><w:lvl w:ilvl="7"><w:start w:val="1"/><w:nfc w:val="4"/><w:lvlText w:val="%8."/><w:lvlJc w:val="left"/><w:pPr><w:tabs><w:tab w:val="list" w:pos="2880"/></w:tabs><w:ind w:left="2880" w:hanging="360"/></w:pPr></w:lvl><w:lvl w:ilvl="8"><w:start w:val="1"/><w:nfc w:val="2"/><w:lvlText w:val="%9."/><w:lvlJc w:val="left"/><w:pPr><w:tabs><w:tab w:val="list" w:pos="3240"/></w:tabs><w:ind w:left="3240" w:hanging="360"/></w:pPr></w:lvl></w:listDef><w:listDef w:listDefId="1"><w:lsid w:val="0A7B3C71"/><w:plt w:val="Multilevel"/><w:tmpl w:val="0409001D"/><w:styleLink w:val="highlights-itemizedlist"/><w:lvl w:ilvl="0"><w:start w:val="1"/><w:nfc w:val="23"/><w:lvlText w:val=""/><w:lvlJc w:val="left"/><w:pPr><w:tabs><w:tab w:val="list" w:pos="360"/></w:tabs><w:ind w:left="360" w:hanging="360"/></w:pPr><w:rPr><w:rFonts w:ascii="Symbol" w:h-ansi="Symbol" w:hint="default"/><w:color w:val="auto"/></w:rPr></w:lvl><w:lvl w:ilvl="1"><w:start w:val="1"/><w:nfc w:val="4"/><w:lvlText w:val="%2)"/><w:lvlJc w:val="left"/><w:pPr><w:tabs><w:tab w:val="list" w:pos="720"/></w:tabs><w:ind w:left="720" w:hanging="360"/></w:pPr></w:lvl><w:lvl w:ilvl="2"><w:start w:val="1"/><w:nfc w:val="2"/><w:lvlText w:val="%3)"/><w:lvlJc w:val="left"/><w:pPr><w:tabs><w:tab w:val="list" w:pos="1080"/></w:tabs><w:ind w:left="1080" w:hanging="360"/></w:pPr></w:lvl><w:lvl w:ilvl="3"><w:start w:val="1"/><w:lvlText w:val="(%4)"/><w:lvlJc w:val="left"/><w:pPr><w:tabs><w:tab w:val="list" w:pos="1440"/></w:tabs><w:ind w:left="1440" w:hanging="360"/></w:pPr></w:lvl><w:lvl w:ilvl="4"><w:start w:val="1"/><w:nfc w:val="4"/><w:lvlText w:val="(%5)"/><w:lvlJc w:val="left"/><w:pPr><w:tabs><w:tab w:val="list" w:pos="1800"/></w:tabs><w:ind w:left="1800" w:hanging="360"/></w:pPr></w:lvl><w:lvl w:ilvl="5"><w:start w:val="1"/><w:nfc w:val="2"/><w:lvlText w:val="(%6)"/><w:lvlJc w:val="left"/><w:pPr><w:tabs><w:tab w:val="list" w:pos="2160"/></w:tabs><w:ind w:left="2160" w:hanging="360"/></w:pPr></w:lvl><w:lvl w:ilvl="6"><w:start w:val="1"/><w:lvlText w:val="%7."/><w:lvlJc w:val="left"/><w:pPr><w:tabs><w:tab w:val="list" w:pos="2520"/></w:tabs><w:ind w:left="2520" w:hanging="360"/></w:pPr></w:lvl><w:lvl w:ilvl="7"><w:start w:val="1"/><w:nfc w:val="4"/><w:lvlText w:val="%8."/><w:lvlJc w:val="left"/><w:pPr><w:tabs><w:tab w:val="list" w:pos="2880"/></w:tabs><w:ind w:left="2880" w:hanging="360"/></w:pPr></w:lvl><w:lvl w:ilvl="8"><w:start w:val="1"/><w:nfc w:val="2"/><w:lvlText w:val="%9."/><w:lvlJc w:val="left"/><w:pPr><w:tabs><w:tab w:val="list" w:pos="3240"/></w:tabs><w:ind w:left="3240" w:hanging="360"/></w:pPr></w:lvl></w:listDef><w:listDef w:listDefId="2"><w:lsid w:val="121A2880"/><w:plt w:val="Multilevel"/><w:tmpl w:val="0409001D"/><w:lvl w:ilvl="0"><w:start w:val="1"/><w:lvlText w:val="%1)"/><w:lvlJc w:val="left"/><w:pPr><w:tabs><w:tab w:val="list" w:pos="360"/></w:tabs><w:ind w:left="360" w:hanging="360"/></w:pPr></w:lvl><w:lvl w:ilvl="1"><w:start w:val="1"/><w:nfc w:val="4"/><w:lvlText w:val="%2)"/><w:lvlJc w:val="left"/><w:pPr><w:tabs><w:tab w:val="list" w:pos="720"/></w:tabs><w:ind w:left="720" w:hanging="360"/></w:pPr></w:lvl><w:lvl w:ilvl="2"><w:start w:val="1"/><w:nfc w:val="2"/><w:lvlText w:val="%3)"/><w:lvlJc w:val="left"/><w:pPr><w:tabs><w:tab w:val="list" w:pos="1080"/></w:tabs><w:ind w:left="1080" w:hanging="360"/></w:pPr></w:lvl><w:lvl w:ilvl="3"><w:start w:val="1"/><w:lvlText w:val="(%4)"/><w:lvlJc w:val="left"/><w:pPr><w:tabs><w:tab w:val="list" w:pos="1440"/></w:tabs><w:ind w:left="1440" w:hanging="360"/></w:pPr></w:lvl><w:lvl w:ilvl="4"><w:start w:val="1"/><w:nfc w:val="4"/><w:lvlText w:val="(%5)"/><w:lvlJc w:val="left"/><w:pPr><w:tabs><w:tab w:val="list" w:pos="1800"/></w:tabs><w:ind w:left="1800" w:hanging="360"/></w:pPr></w:lvl><w:lvl w:ilvl="5"><w:start w:val="1"/><w:nfc w:val="2"/><w:lvlText w:val="(%6)"/><w:lvlJc w:val="left"/><w:pPr><w:tabs><w:tab w:val="list" w:pos="2160"/></w:tabs><w:ind w:left="2160" w:hanging="360"/></w:pPr></w:lvl><w:lvl w:ilvl="6"><w:start w:val="1"/><w:lvlText w:val="%7."/><w:lvlJc w:val="left"/><w:pPr><w:tabs><w:tab w:val="list" w:pos="2520"/></w:tabs><w:ind w:left="2520" w:hanging="360"/></w:pPr></w:lvl><w:lvl w:ilvl="7"><w:start w:val="1"/><w:nfc w:val="4"/><w:lvlText w:val="%8."/><w:lvlJc w:val="left"/><w:pPr><w:tabs><w:tab w:val="list" w:pos="2880"/></w:tabs><w:ind w:left="2880" w:hanging="360"/></w:pPr></w:lvl><w:lvl w:ilvl="8"><w:start w:val="1"/><w:nfc w:val="2"/><w:lvlText w:val="%9."/><w:lvlJc w:val="left"/><w:pPr><w:tabs><w:tab w:val="list" w:pos="3240"/></w:tabs><w:ind w:left="3240" w:hanging="360"/></w:pPr></w:lvl></w:listDef><w:listDef w:listDefId="3"><w:lsid w:val="1341553B"/><w:plt w:val="Multilevel"/><w:tmpl w:val="0409001D"/><w:lvl w:ilvl="0"><w:start w:val="1"/><w:lvlText w:val="%1)"/><w:lvlJc w:val="left"/><w:pPr><w:tabs><w:tab w:val="list" w:pos="360"/></w:tabs><w:ind w:left="360" w:hanging="360"/></w:pPr></w:lvl><w:lvl w:ilvl="1"><w:start w:val="1"/><w:nfc w:val="4"/><w:lvlText w:val="%2)"/><w:lvlJc w:val="left"/><w:pPr><w:tabs><w:tab w:val="list" w:pos="720"/></w:tabs><w:ind w:left="720" w:hanging="360"/></w:pPr></w:lvl><w:lvl w:ilvl="2"><w:start w:val="1"/><w:nfc w:val="2"/><w:lvlText w:val="%3)"/><w:lvlJc w:val="left"/><w:pPr><w:tabs><w:tab w:val="list" w:pos="1080"/></w:tabs><w:ind w:left="1080" w:hanging="360"/></w:pPr></w:lvl><w:lvl w:ilvl="3"><w:start w:val="1"/><w:lvlText w:val="(%4)"/><w:lvlJc w:val="left"/><w:pPr><w:tabs><w:tab w:val="list" w:pos="1440"/></w:tabs><w:ind w:left="1440" w:hanging="360"/></w:pPr></w:lvl><w:lvl w:ilvl="4"><w:start w:val="1"/><w:nfc w:val="4"/><w:lvlText w:val="(%5)"/><w:lvlJc w:val="left"/><w:pPr><w:tabs><w:tab w:val="list" w:pos="1800"/></w:tabs><w:ind w:left="1800" w:hanging="360"/></w:pPr></w:lvl><w:lvl w:ilvl="5"><w:start w:val="1"/><w:nfc w:val="2"/><w:lvlText w:val="(%6)"/><w:lvlJc w:val="left"/><w:pPr><w:tabs><w:tab w:val="list" w:pos="2160"/></w:tabs><w:ind w:left="2160" w:hanging="360"/></w:pPr></w:lvl><w:lvl w:ilvl="6"><w:start w:val="1"/><w:lvlText w:val="%7."/><w:lvlJc w:val="left"/><w:pPr><w:tabs><w:tab w:val="list" w:pos="2520"/></w:tabs><w:ind w:left="2520" w:hanging="360"/></w:pPr></w:lvl><w:lvl w:ilvl="7"><w:start w:val="1"/><w:nfc w:val="4"/><w:lvlText w:val="%8."/><w:lvlJc w:val="left"/><w:pPr><w:tabs><w:tab w:val="list" w:pos="2880"/></w:tabs><w:ind w:left="2880" w:hanging="360"/></w:pPr></w:lvl><w:lvl w:ilvl="8"><w:start w:val="1"/><w:nfc w:val="2"/><w:lvlText w:val="%9."/><w:lvlJc w:val="left"/><w:pPr><w:tabs><w:tab w:val="list" w:pos="3240"/></w:tabs><w:ind w:left="3240" w:hanging="360"/></w:pPr></w:lvl></w:listDef><w:listDef w:listDefId="4"><w:lsid w:val="1FB77228"/><w:plt w:val="Multilevel"/><w:tmpl w:val="0409001D"/><w:styleLink w:val="itemizedlist1"/><w:lvl w:ilvl="0"><w:start w:val="1"/><w:nfc w:val="23"/><w:lvlText w:val=""/><w:lvlJc w:val="left"/><w:pPr><w:tabs><w:tab w:val="list" w:pos="360"/></w:tabs><w:ind w:left="360" w:hanging="360"/></w:pPr><w:rPr><w:rFonts w:ascii="Symbol" w:h-ansi="Symbol" w:hint="default"/><w:color w:val="auto"/></w:rPr></w:lvl><w:lvl w:ilvl="1"><w:start w:val="1"/><w:nfc w:val="4"/><w:lvlText w:val="%2)"/><w:lvlJc w:val="left"/><w:pPr><w:tabs><w:tab w:val="list" w:pos="720"/></w:tabs><w:ind w:left="720" w:hanging="360"/></w:pPr></w:lvl><w:lvl w:ilvl="2"><w:start w:val="1"/><w:nfc w:val="2"/><w:lvlText w:val="%3)"/><w:lvlJc w:val="left"/><w:pPr><w:tabs><w:tab w:val="list" w:pos="1080"/></w:tabs><w:ind w:left="1080" w:hanging="360"/></w:pPr></w:lvl><w:lvl w:ilvl="3"><w:start w:val="1"/><w:lvlText w:val="(%4)"/><w:lvlJc w:val="left"/><w:pPr><w:tabs><w:tab w:val="list" w:pos="1440"/></w:tabs><w:ind w:left="1440" w:hanging="360"/></w:pPr></w:lvl><w:lvl w:ilvl="4"><w:start w:val="1"/><w:nfc w:val="4"/><w:lvlText w:val="(%5)"/><w:lvlJc w:val="left"/><w:pPr><w:tabs><w:tab w:val="list" w:pos="1800"/></w:tabs><w:ind w:left="1800" w:hanging="360"/></w:pPr></w:lvl><w:lvl w:ilvl="5"><w:start w:val="1"/><w:nfc w:val="2"/><w:lvlText w:val="(%6)"/><w:lvlJc w:val="left"/><w:pPr><w:tabs><w:tab w:val="list" w:pos="2160"/></w:tabs><w:ind w:left="2160" w:hanging="360"/></w:pPr></w:lvl><w:lvl w:ilvl="6"><w:start w:val="1"/><w:lvlText w:val="%7."/><w:lvlJc w:val="left"/><w:pPr><w:tabs><w:tab w:val="list" w:pos="2520"/></w:tabs><w:ind w:left="2520" w:hanging="360"/></w:pPr></w:lvl><w:lvl w:ilvl="7"><w:start w:val="1"/><w:nfc w:val="4"/><w:lvlText w:val="%8."/><w:lvlJc w:val="left"/><w:pPr><w:tabs><w:tab w:val="list" w:pos="2880"/></w:tabs><w:ind w:left="2880" w:hanging="360"/></w:pPr></w:lvl><w:lvl w:ilvl="8"><w:start w:val="1"/><w:nfc w:val="2"/><w:lvlText w:val="%9."/><w:lvlJc w:val="left"/><w:pPr><w:tabs><w:tab w:val="list" w:pos="3240"/></w:tabs><w:ind w:left="3240" w:hanging="360"/></w:pPr></w:lvl></w:listDef><w:listDef w:listDefId="5"><w:lsid w:val="2B870EBE"/><w:plt w:val="Multilevel"/><w:tmpl w:val="0409001D"/><w:styleLink w:val="highlights-orderedlist"/><w:lvl w:ilvl="0"><w:start w:val="1"/><w:lvlText w:val="%1)"/><w:lvlJc w:val="left"/><w:pPr><w:tabs><w:tab w:val="list" w:pos="360"/></w:tabs><w:ind w:left="360" w:hanging="360"/></w:pPr></w:lvl><w:lvl w:ilvl="1"><w:start w:val="1"/><w:nfc w:val="4"/><w:lvlText w:val="%2)"/><w:lvlJc w:val="left"/><w:pPr><w:tabs><w:tab w:val="list" w:pos="720"/></w:tabs><w:ind w:left="720" w:hanging="360"/></w:pPr></w:lvl><w:lvl w:ilvl="2"><w:start w:val="1"/><w:nfc w:val="2"/><w:lvlText w:val="%3)"/><w:lvlJc w:val="left"/><w:pPr><w:tabs><w:tab w:val="list" w:pos="1080"/></w:tabs><w:ind w:left="1080" w:hanging="360"/></w:pPr></w:lvl><w:lvl w:ilvl="3"><w:start w:val="1"/><w:lvlText w:val="(%4)"/><w:lvlJc w:val="left"/><w:pPr><w:tabs><w:tab w:val="list" w:pos="1440"/></w:tabs><w:ind w:left="1440" w:hanging="360"/></w:pPr></w:lvl><w:lvl w:ilvl="4"><w:start w:val="1"/><w:nfc w:val="4"/><w:lvlText w:val="(%5)"/><w:lvlJc w:val="left"/><w:pPr><w:tabs><w:tab w:val="list" w:pos="1800"/></w:tabs><w:ind w:left="1800" w:hanging="360"/></w:pPr></w:lvl><w:lvl w:ilvl="5"><w:start w:val="1"/><w:nfc w:val="2"/><w:lvlText w:val="(%6)"/><w:lvlJc w:val="left"/><w:pPr><w:tabs><w:tab w:val="list" w:pos="2160"/></w:tabs><w:ind w:left="2160" w:hanging="360"/></w:pPr></w:lvl><w:lvl w:ilvl="6"><w:start w:val="1"/><w:lvlText w:val="%7."/><w:lvlJc w:val="left"/><w:pPr><w:tabs><w:tab w:val="list" w:pos="2520"/></w:tabs><w:ind w:left="2520" w:hanging="360"/></w:pPr></w:lvl><w:lvl w:ilvl="7"><w:start w:val="1"/><w:nfc w:val="4"/><w:lvlText w:val="%8."/><w:lvlJc w:val="left"/><w:pPr><w:tabs><w:tab w:val="list" w:pos="2880"/></w:tabs><w:ind w:left="2880" w:hanging="360"/></w:pPr></w:lvl><w:lvl w:ilvl="8"><w:start w:val="1"/><w:nfc w:val="2"/><w:lvlText w:val="%9."/><w:lvlJc w:val="left"/><w:pPr><w:tabs><w:tab w:val="list" w:pos="3240"/></w:tabs><w:ind w:left="3240" w:hanging="360"/></w:pPr></w:lvl></w:listDef><w:listDef w:listDefId="6"><w:lsid w:val="38E8493E"/><w:plt w:val="HybridMultilevel"/><w:tmpl w:val="17E4C930"/><w:lvl w:ilvl="0" w:tplc="2F90EBE6"><w:start w:val="1"/><w:nfc w:val="23"/><w:pStyle w:val="note"/><w:lvlText w:val=""/><w:lvlJc w:val="left"/><w:pPr><w:tabs><w:tab w:val="list" w:pos="1440"/></w:tabs><w:ind w:left="1440" w:hanging="360"/></w:pPr><w:rPr><w:rFonts w:ascii="Symbol" w:h-ansi="Symbol" w:hint="default"/></w:rPr></w:lvl><w:lvl w:ilvl="1" w:tplc="04090003" w:tentative="on"><w:start w:val="1"/><w:nfc w:val="23"/><w:lvlText w:val="o"/><w:lvlJc w:val="left"/><w:pPr><w:tabs><w:tab w:val="list" w:pos="1440"/></w:tabs><w:ind w:left="1440" w:hanging="360"/></w:pPr><w:rPr><w:rFonts w:ascii="Courier New" w:h-ansi="Courier New" w:cs="Courier New" w:hint="default"/></w:rPr></w:lvl><w:lvl w:ilvl="2" w:tplc="04090005" w:tentative="on"><w:start w:val="1"/><w:nfc w:val="23"/><w:lvlText w:val=""/><w:lvlJc w:val="left"/><w:pPr><w:tabs><w:tab w:val="list" w:pos="2160"/></w:tabs><w:ind w:left="2160" w:hanging="360"/></w:pPr><w:rPr><w:rFonts w:ascii="Wingdings" w:h-ansi="Wingdings" w:hint="default"/></w:rPr></w:lvl><w:lvl w:ilvl="3" w:tplc="04090001" w:tentative="on"><w:start w:val="1"/><w:nfc w:val="23"/><w:lvlText w:val=""/><w:lvlJc w:val="left"/><w:pPr><w:tabs><w:tab w:val="list" w:pos="2880"/></w:tabs><w:ind w:left="2880" w:hanging="360"/></w:pPr><w:rPr><w:rFonts w:ascii="Symbol" w:h-ansi="Symbol" w:hint="default"/></w:rPr></w:lvl><w:lvl w:ilvl="4" w:tplc="04090003" w:tentative="on"><w:start w:val="1"/><w:nfc w:val="23"/><w:lvlText w:val="o"/><w:lvlJc w:val="left"/><w:pPr><w:tabs><w:tab w:val="list" w:pos="3600"/></w:tabs><w:ind w:left="3600" w:hanging="360"/></w:pPr><w:rPr><w:rFonts w:ascii="Courier New" w:h-ansi="Courier New" w:cs="Courier New" w:hint="default"/></w:rPr></w:lvl><w:lvl w:ilvl="5" w:tplc="04090005" w:tentative="on"><w:start w:val="1"/><w:nfc w:val="23"/><w:lvlText w:val=""/><w:lvlJc w:val="left"/><w:pPr><w:tabs><w:tab w:val="list" w:pos="4320"/></w:tabs><w:ind w:left="4320" w:hanging="360"/></w:pPr><w:rPr><w:rFonts w:ascii="Wingdings" w:h-ansi="Wingdings" w:hint="default"/></w:rPr></w:lvl><w:lvl w:ilvl="6" w:tplc="04090001" w:tentative="on"><w:start w:val="1"/><w:nfc w:val="23"/><w:lvlText w:val=""/><w:lvlJc w:val="left"/><w:pPr><w:tabs><w:tab w:val="list" w:pos="5040"/></w:tabs><w:ind w:left="5040" w:hanging="360"/></w:pPr><w:rPr><w:rFonts w:ascii="Symbol" w:h-ansi="Symbol" w:hint="default"/></w:rPr></w:lvl><w:lvl w:ilvl="7" w:tplc="04090003" w:tentative="on"><w:start w:val="1"/><w:nfc w:val="23"/><w:lvlText w:val="o"/><w:lvlJc w:val="left"/><w:pPr><w:tabs><w:tab w:val="list" w:pos="5760"/></w:tabs><w:ind w:left="5760" w:hanging="360"/></w:pPr><w:rPr><w:rFonts w:ascii="Courier New" w:h-ansi="Courier New" w:cs="Courier New" w:hint="default"/></w:rPr></w:lvl><w:lvl w:ilvl="8" w:tplc="04090005" w:tentative="on"><w:start w:val="1"/><w:nfc w:val="23"/><w:lvlText w:val=""/><w:lvlJc w:val="left"/><w:pPr><w:tabs><w:tab w:val="list" w:pos="6480"/></w:tabs><w:ind w:left="6480" w:hanging="360"/></w:pPr><w:rPr><w:rFonts w:ascii="Wingdings" w:h-ansi="Wingdings" w:hint="default"/></w:rPr></w:lvl></w:listDef><w:listDef w:listDefId="7"><w:lsid w:val="3FD63D4B"/><w:plt w:val="HybridMultilevel"/><w:tmpl w:val="49AE2440"/><w:lvl w:ilvl="0" w:tplc="0C405940"><w:start w:val="1"/><w:pStyle w:val="orderedlist4"/><w:lvlText w:val="%1)"/><w:lvlJc w:val="left"/><w:pPr><w:tabs><w:tab w:val="list" w:pos="720"/></w:tabs><w:ind w:left="720" w:hanging="360"/></w:pPr></w:lvl><w:lvl w:ilvl="1" w:tplc="04090019" w:tentative="on"><w:start w:val="1"/><w:nfc w:val="4"/><w:lvlText w:val="%2."/><w:lvlJc w:val="left"/><w:pPr><w:tabs><w:tab w:val="list" w:pos="1440"/></w:tabs><w:ind w:left="1440" w:hanging="360"/></w:pPr></w:lvl><w:lvl w:ilvl="2" w:tplc="0409001B" w:tentative="on"><w:start w:val="1"/><w:nfc w:val="2"/><w:lvlText w:val="%3."/><w:lvlJc w:val="right"/><w:pPr><w:tabs><w:tab w:val="list" w:pos="2160"/></w:tabs><w:ind w:left="2160" w:hanging="180"/></w:pPr></w:lvl><w:lvl w:ilvl="3" w:tplc="0409000F" w:tentative="on"><w:start w:val="1"/><w:lvlText w:val="%4."/><w:lvlJc w:val="left"/><w:pPr><w:tabs><w:tab w:val="list" w:pos="2880"/></w:tabs><w:ind w:left="2880" w:hanging="360"/></w:pPr></w:lvl><w:lvl w:ilvl="4" w:tplc="04090019" w:tentative="on"><w:start w:val="1"/><w:nfc w:val="4"/><w:lvlText w:val="%5."/><w:lvlJc w:val="left"/><w:pPr><w:tabs><w:tab w:val="list" w:pos="3600"/></w:tabs><w:ind w:left="3600" w:hanging="360"/></w:pPr></w:lvl><w:lvl w:ilvl="5" w:tplc="0409001B" w:tentative="on"><w:start w:val="1"/><w:nfc w:val="2"/><w:lvlText w:val="%6."/><w:lvlJc w:val="right"/><w:pPr><w:tabs><w:tab w:val="list" w:pos="4320"/></w:tabs><w:ind w:left="4320" w:hanging="180"/></w:pPr></w:lvl><w:lvl w:ilvl="6" w:tplc="0409000F" w:tentative="on"><w:start w:val="1"/><w:lvlText w:val="%7."/><w:lvlJc w:val="left"/><w:pPr><w:tabs><w:tab w:val="list" w:pos="5040"/></w:tabs><w:ind w:left="5040" w:hanging="360"/></w:pPr></w:lvl><w:lvl w:ilvl="7" w:tplc="04090019" w:tentative="on"><w:start w:val="1"/><w:nfc w:val="4"/><w:lvlText w:val="%8."/><w:lvlJc w:val="left"/><w:pPr><w:tabs><w:tab w:val="list" w:pos="5760"/></w:tabs><w:ind w:left="5760" w:hanging="360"/></w:pPr></w:lvl><w:lvl w:ilvl="8" w:tplc="0409001B" w:tentative="on"><w:start w:val="1"/><w:nfc w:val="2"/><w:lvlText w:val="%9."/><w:lvlJc w:val="right"/><w:pPr><w:tabs><w:tab w:val="list" w:pos="6480"/></w:tabs><w:ind w:left="6480" w:hanging="180"/></w:pPr></w:lvl></w:listDef><w:listDef w:listDefId="8"><w:lsid w:val="3FEC0422"/><w:plt w:val="Multilevel"/><w:tmpl w:val="0409001D"/><w:styleLink w:val="itemizedlist"/><w:lvl w:ilvl="0"><w:start w:val="1"/><w:nfc w:val="23"/><w:lvlText w:val=""/><w:lvlJc w:val="left"/><w:pPr><w:tabs><w:tab w:val="list" w:pos="360"/></w:tabs><w:ind w:left="360" w:hanging="360"/></w:pPr><w:rPr><w:rFonts w:ascii="Symbol" w:h-ansi="Symbol" w:hint="default"/><w:color w:val="auto"/></w:rPr></w:lvl><w:lvl w:ilvl="1"><w:start w:val="1"/><w:nfc w:val="4"/><w:lvlText w:val="%2)"/><w:lvlJc w:val="left"/><w:pPr><w:tabs><w:tab w:val="list" w:pos="720"/></w:tabs><w:ind w:left="720" w:hanging="360"/></w:pPr></w:lvl><w:lvl w:ilvl="2"><w:start w:val="1"/><w:nfc w:val="2"/><w:lvlText w:val="%3)"/><w:lvlJc w:val="left"/><w:pPr><w:tabs><w:tab w:val="list" w:pos="1080"/></w:tabs><w:ind w:left="1080" w:hanging="360"/></w:pPr></w:lvl><w:lvl w:ilvl="3"><w:start w:val="1"/><w:lvlText w:val="(%4)"/><w:lvlJc w:val="left"/><w:pPr><w:tabs><w:tab w:val="list" w:pos="1440"/></w:tabs><w:ind w:left="1440" w:hanging="360"/></w:pPr></w:lvl><w:lvl w:ilvl="4"><w:start w:val="1"/><w:nfc w:val="4"/><w:lvlText w:val="(%5)"/><w:lvlJc w:val="left"/><w:pPr><w:tabs><w:tab w:val="list" w:pos="1800"/></w:tabs><w:ind w:left="1800" w:hanging="360"/></w:pPr></w:lvl><w:lvl w:ilvl="5"><w:start w:val="1"/><w:nfc w:val="2"/><w:lvlText w:val="(%6)"/><w:lvlJc w:val="left"/><w:pPr><w:tabs><w:tab w:val="list" w:pos="2160"/></w:tabs><w:ind w:left="2160" w:hanging="360"/></w:pPr></w:lvl><w:lvl w:ilvl="6"><w:start w:val="1"/><w:lvlText w:val="%7."/><w:lvlJc w:val="left"/><w:pPr><w:tabs><w:tab w:val="list" w:pos="2520"/></w:tabs><w:ind w:left="2520" w:hanging="360"/></w:pPr></w:lvl><w:lvl w:ilvl="7"><w:start w:val="1"/><w:nfc w:val="4"/><w:lvlText w:val="%8."/><w:lvlJc w:val="left"/><w:pPr><w:tabs><w:tab w:val="list" w:pos="2880"/></w:tabs><w:ind w:left="2880" w:hanging="360"/></w:pPr></w:lvl><w:lvl w:ilvl="8"><w:start w:val="1"/><w:nfc w:val="2"/><w:lvlText w:val="%9."/><w:lvlJc w:val="left"/><w:pPr><w:tabs><w:tab w:val="list" w:pos="3240"/></w:tabs><w:ind w:left="3240" w:hanging="360"/></w:pPr></w:lvl></w:listDef><w:listDef w:listDefId="9"><w:lsid w:val="5570737B"/><w:plt w:val="Multilevel"/><w:tmpl w:val="0409001D"/><w:lvl w:ilvl="0"><w:start w:val="1"/><w:lvlText w:val="%1)"/><w:lvlJc w:val="left"/><w:pPr><w:tabs><w:tab w:val="list" w:pos="360"/></w:tabs><w:ind w:left="360" w:hanging="360"/></w:pPr></w:lvl><w:lvl w:ilvl="1"><w:start w:val="1"/><w:nfc w:val="4"/><w:lvlText w:val="%2)"/><w:lvlJc w:val="left"/><w:pPr><w:tabs><w:tab w:val="list" w:pos="720"/></w:tabs><w:ind w:left="720" w:hanging="360"/></w:pPr></w:lvl><w:lvl w:ilvl="2"><w:start w:val="1"/><w:nfc w:val="2"/><w:lvlText w:val="%3)"/><w:lvlJc w:val="left"/><w:pPr><w:tabs><w:tab w:val="list" w:pos="1080"/></w:tabs><w:ind w:left="1080" w:hanging="360"/></w:pPr></w:lvl><w:lvl w:ilvl="3"><w:start w:val="1"/><w:nfc w:val="2"/><w:lvlText w:val="(%4)"/><w:lvlJc w:val="left"/><w:pPr><w:tabs><w:tab w:val="list" w:pos="1440"/></w:tabs><w:ind w:left="1440" w:hanging="360"/></w:pPr></w:lvl><w:lvl w:ilvl="4"><w:start w:val="1"/><w:nfc w:val="4"/><w:lvlText w:val="(%5)"/><w:lvlJc w:val="left"/><w:pPr><w:tabs><w:tab w:val="list" w:pos="1800"/></w:tabs><w:ind w:left="1800" w:hanging="360"/></w:pPr></w:lvl><w:lvl w:ilvl="5"><w:start w:val="1"/><w:nfc w:val="2"/><w:lvlText w:val="(%6)"/><w:lvlJc w:val="left"/><w:pPr><w:tabs><w:tab w:val="list" w:pos="2160"/></w:tabs><w:ind w:left="2160" w:hanging="360"/></w:pPr></w:lvl><w:lvl w:ilvl="6"><w:start w:val="1"/><w:lvlText w:val="%7."/><w:lvlJc w:val="left"/><w:pPr><w:tabs><w:tab w:val="list" w:pos="2520"/></w:tabs><w:ind w:left="2520" w:hanging="360"/></w:pPr></w:lvl><w:lvl w:ilvl="7"><w:start w:val="1"/><w:nfc w:val="4"/><w:lvlText w:val="%8."/><w:lvlJc w:val="left"/><w:pPr><w:tabs><w:tab w:val="list" w:pos="2880"/></w:tabs><w:ind w:left="2880" w:hanging="360"/></w:pPr></w:lvl><w:lvl w:ilvl="8"><w:start w:val="1"/><w:nfc w:val="2"/><w:lvlText w:val="%9."/><w:lvlJc w:val="left"/><w:pPr><w:tabs><w:tab w:val="list" w:pos="3240"/></w:tabs><w:ind w:left="3240" w:hanging="360"/></w:pPr></w:lvl></w:listDef><w:listDef w:listDefId="10"><w:lsid w:val="59A72500"/><w:plt w:val="Multilevel"/><w:tmpl w:val="0409001D"/><w:lvl w:ilvl="0"><w:start w:val="1"/><w:lvlText w:val="%1)"/><w:lvlJc w:val="left"/><w:pPr><w:tabs><w:tab w:val="list" w:pos="360"/></w:tabs><w:ind w:left="360" w:hanging="360"/></w:pPr></w:lvl><w:lvl w:ilvl="1"><w:start w:val="1"/><w:nfc w:val="4"/><w:lvlText w:val="%2)"/><w:lvlJc w:val="left"/><w:pPr><w:tabs><w:tab w:val="list" w:pos="720"/></w:tabs><w:ind w:left="720" w:hanging="360"/></w:pPr></w:lvl><w:lvl w:ilvl="2"><w:start w:val="1"/><w:nfc w:val="2"/><w:lvlText w:val="%3)"/><w:lvlJc w:val="left"/><w:pPr><w:tabs><w:tab w:val="list" w:pos="1080"/></w:tabs><w:ind w:left="1080" w:hanging="360"/></w:pPr></w:lvl><w:lvl w:ilvl="3"><w:start w:val="1"/><w:lvlText w:val="(%4)"/><w:lvlJc w:val="left"/><w:pPr><w:tabs><w:tab w:val="list" w:pos="1440"/></w:tabs><w:ind w:left="1440" w:hanging="360"/></w:pPr></w:lvl><w:lvl w:ilvl="4"><w:start w:val="1"/><w:nfc w:val="4"/><w:lvlText w:val="(%5)"/><w:lvlJc w:val="left"/><w:pPr><w:tabs><w:tab w:val="list" w:pos="1800"/></w:tabs><w:ind w:left="1800" w:hanging="360"/></w:pPr></w:lvl><w:lvl w:ilvl="5"><w:start w:val="1"/><w:nfc w:val="2"/><w:lvlText w:val="(%6)"/><w:lvlJc w:val="left"/><w:pPr><w:tabs><w:tab w:val="list" w:pos="2160"/></w:tabs><w:ind w:left="2160" w:hanging="360"/></w:pPr></w:lvl><w:lvl w:ilvl="6"><w:start w:val="1"/><w:lvlText w:val="%7."/><w:lvlJc w:val="left"/><w:pPr><w:tabs><w:tab w:val="list" w:pos="2520"/></w:tabs><w:ind w:left="2520" w:hanging="360"/></w:pPr></w:lvl><w:lvl w:ilvl="7"><w:start w:val="1"/><w:nfc w:val="4"/><w:lvlText w:val="%8."/><w:lvlJc w:val="left"/><w:pPr><w:tabs><w:tab w:val="list" w:pos="2880"/></w:tabs><w:ind w:left="2880" w:hanging="360"/></w:pPr></w:lvl><w:lvl w:ilvl="8"><w:start w:val="1"/><w:nfc w:val="2"/><w:lvlText w:val="%9."/><w:lvlJc w:val="left"/><w:pPr><w:tabs><w:tab w:val="list" w:pos="3240"/></w:tabs><w:ind w:left="3240" w:hanging="360"/></w:pPr></w:lvl></w:listDef><w:listDef w:listDefId="11"><w:lsid w:val="5F8E0F88"/><w:plt w:val="Multilevel"/><w:tmpl w:val="0409001D"/><w:lvl w:ilvl="0"><w:start w:val="1"/><w:lvlText w:val="%1)"/><w:lvlJc w:val="left"/><w:pPr><w:tabs><w:tab w:val="list" w:pos="360"/></w:tabs><w:ind w:left="360" w:hanging="360"/></w:pPr></w:lvl><w:lvl w:ilvl="1"><w:start w:val="1"/><w:nfc w:val="23"/><w:lvlText w:val=""/><w:lvlJc w:val="left"/><w:pPr><w:tabs><w:tab w:val="list" w:pos="720"/></w:tabs><w:ind w:left="720" w:hanging="360"/></w:pPr><w:rPr><w:rFonts w:ascii="Symbol" w:h-ansi="Symbol" w:hint="default"/><w:color w:val="auto"/></w:rPr></w:lvl><w:lvl w:ilvl="2"><w:start w:val="1"/><w:nfc w:val="2"/><w:lvlText w:val="%3)"/><w:lvlJc w:val="left"/><w:pPr><w:tabs><w:tab w:val="list" w:pos="1080"/></w:tabs><w:ind w:left="1080" w:hanging="360"/></w:pPr></w:lvl><w:lvl w:ilvl="3"><w:start w:val="1"/><w:lvlText w:val="(%4)"/><w:lvlJc w:val="left"/><w:pPr><w:tabs><w:tab w:val="list" w:pos="1440"/></w:tabs><w:ind w:left="1440" w:hanging="360"/></w:pPr></w:lvl><w:lvl w:ilvl="4"><w:start w:val="1"/><w:nfc w:val="4"/><w:lvlText w:val="(%5)"/><w:lvlJc w:val="left"/><w:pPr><w:tabs><w:tab w:val="list" w:pos="1800"/></w:tabs><w:ind w:left="1800" w:hanging="360"/></w:pPr></w:lvl><w:lvl w:ilvl="5"><w:start w:val="1"/><w:nfc w:val="2"/><w:lvlText w:val="(%6)"/><w:lvlJc w:val="left"/><w:pPr><w:tabs><w:tab w:val="list" w:pos="2160"/></w:tabs><w:ind w:left="2160" w:hanging="360"/></w:pPr></w:lvl><w:lvl w:ilvl="6"><w:start w:val="1"/><w:lvlText w:val="%7."/><w:lvlJc w:val="left"/><w:pPr><w:tabs><w:tab w:val="list" w:pos="2520"/></w:tabs><w:ind w:left="2520" w:hanging="360"/></w:pPr></w:lvl><w:lvl w:ilvl="7"><w:start w:val="1"/><w:nfc w:val="4"/><w:lvlText w:val="%8."/><w:lvlJc w:val="left"/><w:pPr><w:tabs><w:tab w:val="list" w:pos="2880"/></w:tabs><w:ind w:left="2880" w:hanging="360"/></w:pPr></w:lvl><w:lvl w:ilvl="8"><w:start w:val="1"/><w:nfc w:val="2"/><w:lvlText w:val="%9."/><w:lvlJc w:val="left"/><w:pPr><w:tabs><w:tab w:val="list" w:pos="3240"/></w:tabs><w:ind w:left="3240" w:hanging="360"/></w:pPr></w:lvl></w:listDef><w:listDef w:listDefId="12"><w:lsid w:val="63A74F9B"/><w:plt w:val="HybridMultilevel"/><w:tmpl w:val="4BA09C26"/><w:lvl w:ilvl="0" w:tplc="069ABFBE"><w:start w:val="1"/><w:pStyle w:val="orderedlist"/><w:lvlText w:val="%1."/><w:lvlJc w:val="left"/><w:pPr><w:tabs><w:tab w:val="list" w:pos="720"/></w:tabs><w:ind w:left="720" w:hanging="360"/></w:pPr></w:lvl><w:lvl w:ilvl="1" w:tplc="04090019" w:tentative="on"><w:start w:val="1"/><w:nfc w:val="4"/><w:lvlText w:val="%2."/><w:lvlJc w:val="left"/><w:pPr><w:tabs><w:tab w:val="list" w:pos="1440"/></w:tabs><w:ind w:left="1440" w:hanging="360"/></w:pPr></w:lvl><w:lvl w:ilvl="2" w:tplc="0409001B" w:tentative="on"><w:start w:val="1"/><w:nfc w:val="2"/><w:lvlText w:val="%3."/><w:lvlJc w:val="right"/><w:pPr><w:tabs><w:tab w:val="list" w:pos="2160"/></w:tabs><w:ind w:left="2160" w:hanging="180"/></w:pPr></w:lvl><w:lvl w:ilvl="3" w:tplc="0409000F" w:tentative="on"><w:start w:val="1"/><w:lvlText w:val="%4."/><w:lvlJc w:val="left"/><w:pPr><w:tabs><w:tab w:val="list" w:pos="2880"/></w:tabs><w:ind w:left="2880" w:hanging="360"/></w:pPr></w:lvl><w:lvl w:ilvl="4" w:tplc="04090019" w:tentative="on"><w:start w:val="1"/><w:nfc w:val="4"/><w:lvlText w:val="%5."/><w:lvlJc w:val="left"/><w:pPr><w:tabs><w:tab w:val="list" w:pos="3600"/></w:tabs><w:ind w:left="3600" w:hanging="360"/></w:pPr></w:lvl><w:lvl w:ilvl="5" w:tplc="0409001B" w:tentative="on"><w:start w:val="1"/><w:nfc w:val="2"/><w:lvlText w:val="%6."/><w:lvlJc w:val="right"/><w:pPr><w:tabs><w:tab w:val="list" w:pos="4320"/></w:tabs><w:ind w:left="4320" w:hanging="180"/></w:pPr></w:lvl><w:lvl w:ilvl="6" w:tplc="0409000F" w:tentative="on"><w:start w:val="1"/><w:lvlText w:val="%7."/><w:lvlJc w:val="left"/><w:pPr><w:tabs><w:tab w:val="list" w:pos="5040"/></w:tabs><w:ind w:left="5040" w:hanging="360"/></w:pPr></w:lvl><w:lvl w:ilvl="7" w:tplc="04090019" w:tentative="on"><w:start w:val="1"/><w:nfc w:val="4"/><w:lvlText w:val="%8."/><w:lvlJc w:val="left"/><w:pPr><w:tabs><w:tab w:val="list" w:pos="5760"/></w:tabs><w:ind w:left="5760" w:hanging="360"/></w:pPr></w:lvl><w:lvl w:ilvl="8" w:tplc="0409001B" w:tentative="on"><w:start w:val="1"/><w:nfc w:val="2"/><w:lvlText w:val="%9."/><w:lvlJc w:val="right"/><w:pPr><w:tabs><w:tab w:val="list" w:pos="6480"/></w:tabs><w:ind w:left="6480" w:hanging="180"/></w:pPr></w:lvl></w:listDef><w:listDef w:listDefId="13"><w:lsid w:val="64590623"/><w:plt w:val="HybridMultilevel"/><w:tmpl w:val="FF22825E"/><w:lvl w:ilvl="0" w:tplc="D1DEF1CE"><w:start w:val="1"/><w:nfc w:val="1"/><w:pStyle w:val="orderedlist3"/><w:lvlText w:val="%1."/><w:lvlJc w:val="right"/><w:pPr><w:tabs><w:tab w:val="list" w:pos="1800"/></w:tabs><w:ind w:left="1800" w:hanging="180"/></w:pPr></w:lvl><w:lvl w:ilvl="1" w:tplc="04090019" w:tentative="on"><w:start w:val="1"/><w:nfc w:val="4"/><w:lvlText w:val="%2."/><w:lvlJc w:val="left"/><w:pPr><w:tabs><w:tab w:val="list" w:pos="2520"/></w:tabs><w:ind w:left="2520" w:hanging="360"/></w:pPr></w:lvl><w:lvl w:ilvl="2" w:tplc="0409001B" w:tentative="on"><w:start w:val="1"/><w:nfc w:val="2"/><w:lvlText w:val="%3."/><w:lvlJc w:val="right"/><w:pPr><w:tabs><w:tab w:val="list" w:pos="3240"/></w:tabs><w:ind w:left="3240" w:hanging="180"/></w:pPr></w:lvl><w:lvl w:ilvl="3" w:tplc="0409000F" w:tentative="on"><w:start w:val="1"/><w:lvlText w:val="%4."/><w:lvlJc w:val="left"/><w:pPr><w:tabs><w:tab w:val="list" w:pos="3960"/></w:tabs><w:ind w:left="3960" w:hanging="360"/></w:pPr></w:lvl><w:lvl w:ilvl="4" w:tplc="04090019" w:tentative="on"><w:start w:val="1"/><w:nfc w:val="4"/><w:lvlText w:val="%5."/><w:lvlJc w:val="left"/><w:pPr><w:tabs><w:tab w:val="list" w:pos="4680"/></w:tabs><w:ind w:left="4680" w:hanging="360"/></w:pPr></w:lvl><w:lvl w:ilvl="5" w:tplc="0409001B" w:tentative="on"><w:start w:val="1"/><w:nfc w:val="2"/><w:lvlText w:val="%6."/><w:lvlJc w:val="right"/><w:pPr><w:tabs><w:tab w:val="list" w:pos="5400"/></w:tabs><w:ind w:left="5400" w:hanging="180"/></w:pPr></w:lvl><w:lvl w:ilvl="6" w:tplc="0409000F" w:tentative="on"><w:start w:val="1"/><w:lvlText w:val="%7."/><w:lvlJc w:val="left"/><w:pPr><w:tabs><w:tab w:val="list" w:pos="6120"/></w:tabs><w:ind w:left="6120" w:hanging="360"/></w:pPr></w:lvl><w:lvl w:ilvl="7" w:tplc="04090019" w:tentative="on"><w:start w:val="1"/><w:nfc w:val="4"/><w:lvlText w:val="%8."/><w:lvlJc w:val="left"/><w:pPr><w:tabs><w:tab w:val="list" w:pos="6840"/></w:tabs><w:ind w:left="6840" w:hanging="360"/></w:pPr></w:lvl><w:lvl w:ilvl="8" w:tplc="0409001B" w:tentative="on"><w:start w:val="1"/><w:nfc w:val="2"/><w:lvlText w:val="%9."/><w:lvlJc w:val="right"/><w:pPr><w:tabs><w:tab w:val="list" w:pos="7560"/></w:tabs><w:ind w:left="7560" w:hanging="180"/></w:pPr></w:lvl></w:listDef><w:listDef w:listDefId="14"><w:lsid w:val="69727D75"/><w:plt w:val="Multilevel"/><w:tmpl w:val="0409001D"/><w:lvl w:ilvl="0"><w:start w:val="1"/><w:lvlText w:val="%1)"/><w:lvlJc w:val="left"/><w:pPr><w:tabs><w:tab w:val="list" w:pos="360"/></w:tabs><w:ind w:left="360" w:hanging="360"/></w:pPr></w:lvl><w:lvl w:ilvl="1"><w:start w:val="1"/><w:nfc w:val="4"/><w:lvlText w:val="%2)"/><w:lvlJc w:val="left"/><w:pPr><w:tabs><w:tab w:val="list" w:pos="720"/></w:tabs><w:ind w:left="720" w:hanging="360"/></w:pPr></w:lvl><w:lvl w:ilvl="2"><w:start w:val="1"/><w:nfc w:val="2"/><w:lvlText w:val="%3)"/><w:lvlJc w:val="left"/><w:pPr><w:tabs><w:tab w:val="list" w:pos="1080"/></w:tabs><w:ind w:left="1080" w:hanging="360"/></w:pPr></w:lvl><w:lvl w:ilvl="3"><w:start w:val="1"/><w:lvlText w:val="(%4)"/><w:lvlJc w:val="left"/><w:pPr><w:tabs><w:tab w:val="list" w:pos="1440"/></w:tabs><w:ind w:left="1440" w:hanging="360"/></w:pPr></w:lvl><w:lvl w:ilvl="4"><w:start w:val="1"/><w:nfc w:val="4"/><w:lvlText w:val="(%5)"/><w:lvlJc w:val="left"/><w:pPr><w:tabs><w:tab w:val="list" w:pos="1800"/></w:tabs><w:ind w:left="1800" w:hanging="360"/></w:pPr></w:lvl><w:lvl w:ilvl="5"><w:start w:val="1"/><w:nfc w:val="2"/><w:lvlText w:val="(%6)"/><w:lvlJc w:val="left"/><w:pPr><w:tabs><w:tab w:val="list" w:pos="2160"/></w:tabs><w:ind w:left="2160" w:hanging="360"/></w:pPr></w:lvl><w:lvl w:ilvl="6"><w:start w:val="1"/><w:lvlText w:val="%7."/><w:lvlJc w:val="left"/><w:pPr><w:tabs><w:tab w:val="list" w:pos="2520"/></w:tabs><w:ind w:left="2520" w:hanging="360"/></w:pPr></w:lvl><w:lvl w:ilvl="7"><w:start w:val="1"/><w:nfc w:val="4"/><w:lvlText w:val="%8."/><w:lvlJc w:val="left"/><w:pPr><w:tabs><w:tab w:val="list" w:pos="2880"/></w:tabs><w:ind w:left="2880" w:hanging="360"/></w:pPr></w:lvl><w:lvl w:ilvl="8"><w:start w:val="1"/><w:nfc w:val="2"/><w:lvlText w:val="%9."/><w:lvlJc w:val="left"/><w:pPr><w:tabs><w:tab w:val="list" w:pos="3240"/></w:tabs><w:ind w:left="3240" w:hanging="360"/></w:pPr></w:lvl></w:listDef><w:listDef w:listDefId="15"><w:lsid w:val="78DC6A50"/><w:plt w:val="HybridMultilevel"/><w:tmpl w:val="AC00310A"/><w:lvl w:ilvl="0" w:tplc="203E5E88"><w:start w:val="1"/><w:nfc w:val="4"/><w:pStyle w:val="orderedlist2"/><w:lvlText w:val="%1)"/><w:lvlJc w:val="left"/><w:pPr><w:tabs><w:tab w:val="list" w:pos="720"/></w:tabs><w:ind w:left="720" w:hanging="360"/></w:pPr></w:lvl><w:lvl w:ilvl="1" w:tplc="04090019" w:tentative="on"><w:start w:val="1"/><w:nfc w:val="4"/><w:lvlText w:val="%2."/><w:lvlJc w:val="left"/><w:pPr><w:tabs><w:tab w:val="list" w:pos="1440"/></w:tabs><w:ind w:left="1440" w:hanging="360"/></w:pPr></w:lvl><w:lvl w:ilvl="2" w:tplc="0409001B" w:tentative="on"><w:start w:val="1"/><w:nfc w:val="2"/><w:lvlText w:val="%3."/><w:lvlJc w:val="right"/><w:pPr><w:tabs><w:tab w:val="list" w:pos="2160"/></w:tabs><w:ind w:left="2160" w:hanging="180"/></w:pPr></w:lvl><w:lvl w:ilvl="3" w:tplc="0409000F" w:tentative="on"><w:start w:val="1"/><w:lvlText w:val="%4."/><w:lvlJc w:val="left"/><w:pPr><w:tabs><w:tab w:val="list" w:pos="2880"/></w:tabs><w:ind w:left="2880" w:hanging="360"/></w:pPr></w:lvl><w:lvl w:ilvl="4" w:tplc="04090019" w:tentative="on"><w:start w:val="1"/><w:nfc w:val="4"/><w:lvlText w:val="%5."/><w:lvlJc w:val="left"/><w:pPr><w:tabs><w:tab w:val="list" w:pos="3600"/></w:tabs><w:ind w:left="3600" w:hanging="360"/></w:pPr></w:lvl><w:lvl w:ilvl="5" w:tplc="0409001B" w:tentative="on"><w:start w:val="1"/><w:nfc w:val="2"/><w:lvlText w:val="%6."/><w:lvlJc w:val="right"/><w:pPr><w:tabs><w:tab w:val="list" w:pos="4320"/></w:tabs><w:ind w:left="4320" w:hanging="180"/></w:pPr></w:lvl><w:lvl w:ilvl="6" w:tplc="0409000F" w:tentative="on"><w:start w:val="1"/><w:lvlText w:val="%7."/><w:lvlJc w:val="left"/><w:pPr><w:tabs><w:tab w:val="list" w:pos="5040"/></w:tabs><w:ind w:left="5040" w:hanging="360"/></w:pPr></w:lvl><w:lvl w:ilvl="7" w:tplc="04090019" w:tentative="on"><w:start w:val="1"/><w:nfc w:val="4"/><w:lvlText w:val="%8."/><w:lvlJc w:val="left"/><w:pPr><w:tabs><w:tab w:val="list" w:pos="5760"/></w:tabs><w:ind w:left="5760" w:hanging="360"/></w:pPr></w:lvl><w:lvl w:ilvl="8" w:tplc="0409001B" w:tentative="on"><w:start w:val="1"/><w:nfc w:val="2"/><w:lvlText w:val="%9."/><w:lvlJc w:val="right"/><w:pPr><w:tabs><w:tab w:val="list" w:pos="6480"/></w:tabs><w:ind w:left="6480" w:hanging="180"/></w:pPr></w:lvl></w:listDef><w:list w:ilfo="1"><w:ilst w:val="6"/></w:list><w:list w:ilfo="2"><w:ilst w:val="8"/></w:list><w:list w:ilfo="3"><w:ilst w:val="4"/></w:list><w:list w:ilfo="4"><w:ilst w:val="11"/></w:list><w:list w:ilfo="5"><w:ilst w:val="1"/></w:list><w:list w:ilfo="6"><w:ilst w:val="5"/></w:list><w:list w:ilfo="7"><w:ilst w:val="3"/></w:list><w:list w:ilfo="8"><w:ilst w:val="0"/></w:list><w:list w:ilfo="9"><w:ilst w:val="2"/></w:list><w:list w:ilfo="10"><w:ilst w:val="14"/></w:list><w:list w:ilfo="11"><w:ilst w:val="9"/></w:list><w:list w:ilfo="12"><w:ilst w:val="12"/></w:list><w:list w:ilfo="13"><w:ilst w:val="15"/></w:list><w:list w:ilfo="14"><w:ilst w:val="13"/></w:list><w:list w:ilfo="15"><w:ilst w:val="10"/></w:list><w:list w:ilfo="16"><w:ilst w:val="7"/></w:list></w:lists><w:styles><w:versionOfBuiltInStylenames w:val="4"/><w:latentStyles w:defLockedState="off" w:latentStyleCount="156"/><w:style w:type="paragraph" w:default="on" w:styleId="Normal"><w:name w:val="Normal"/><w:rsid w:val="00844836"/><w:rPr><wx:font wx:val="Times New Roman"/><w:sz w:val="24"/><w:sz-cs w:val="24"/><w:lang w:val="EN-US" w:fareast="EN-US" w:bidi="AR-SA"/></w:rPr></w:style><w:style w:type="character" w:default="on" w:styleId="DefaultParagraphFont"><w:name w:val="Default Paragraph Font"/><w:semiHidden/></w:style><w:style w:type="table" w:default="on" w:styleId="TableNormal"><w:name w:val="Normal Table"/><wx:uiName wx:val="Table Normal"/><w:semiHidden/><w:rPr><wx:font wx:val="Times New Roman"/></w:rPr><w:tblPr><w:tblInd w:w="0" w:type="dxa"/><w:tblCellMar><w:top w:w="0" w:type="dxa"/><w:left w:w="108" w:type="dxa"/><w:bottom w:w="0" w:type="dxa"/><w:right w:w="108" w:type="dxa"/></w:tblCellMar></w:tblPr></w:style><w:style w:type="list" w:default="on" w:styleId="NoList"><w:name w:val="No List"/><w:semiHidden/></w:style><w:style w:type="paragraph" w:styleId="section-title"><w:name w:val="section-title"/><w:basedOn w:val="Normal"/><w:rsid w:val="00844836"/><w:pPr><w:pStyle w:val="section-title"/><w:spacing w:before="120" w:after="120"/><w:jc w:val="center"/></w:pPr><w:rPr><wx:font wx:val="Times New Roman"/><w:b/><w:sz w:val="28"/></w:rPr></w:style><w:style w:type="paragraph" w:styleId="section-subtitle"><w:name w:val="section-subtitle"/><w:basedOn w:val="Normal"/><w:rsid w:val="00844836"/><w:pPr><w:pStyle w:val="section-subtitle"/><w:spacing w:before="120" w:after="120"/><w:jc w:val="center"/></w:pPr><w:rPr><wx:font wx:val="Times New Roman"/><w:b/></w:rPr></w:style><w:style w:type="paragraph" w:styleId="section-titleabbrev"><w:name w:val="section-titleabbrev"/><w:basedOn w:val="Normal"/><w:rsid w:val="00844836"/><w:pPr><w:pStyle w:val="section-titleabbrev"/><w:spacing w:before="120" w:after="120"/><w:jc w:val="center"/></w:pPr><w:rPr><wx:font wx:val="Times New Roman"/></w:rPr></w:style><w:style w:type="paragraph" w:styleId="book-title"><w:name w:val="book-title"/><w:basedOn w:val="Normal"/><w:rsid w:val="00844836"/><w:pPr><w:pStyle w:val="book-title"/><w:spacing w:before="240" w:after="240"/><w:jc w:val="center"/></w:pPr><w:rPr><wx:font wx:val="Times New Roman"/><w:b/><w:sz w:val="36"/></w:rPr></w:style><w:style w:type="paragraph" w:styleId="book-subtitle"><w:name w:val="book-subtitle"/><w:basedOn w:val="Normal"/><w:rsid w:val="00844836"/><w:pPr><w:pStyle w:val="book-subtitle"/><w:spacing w:before="120" w:after="120"/><w:jc w:val="center"/></w:pPr><w:rPr><wx:font wx:val="Times New Roman"/><w:b/><w:sz w:val="28"/></w:rPr></w:style><w:style w:type="paragraph" w:styleId="book-titleabbrev"><w:name w:val="book-titleabbrev"/><w:basedOn w:val="Normal"/><w:rsid w:val="00844836"/><w:pPr><w:pStyle w:val="book-titleabbrev"/><w:spacing w:before="120" w:after="120"/><w:jc w:val="center"/></w:pPr><w:rPr><wx:font wx:val="Times New Roman"/></w:rPr></w:style><w:style w:type="paragraph" w:styleId="article-title"><w:name w:val="article-title"/><w:basedOn w:val="Normal"/><w:rsid w:val="00844836"/><w:pPr><w:pStyle w:val="article-title"/><w:spacing w:before="240" w:after="240"/><w:jc w:val="center"/></w:pPr><w:rPr><wx:font wx:val="Times New Roman"/><w:b/><w:sz w:val="36"/></w:rPr></w:style><w:style w:type="paragraph" w:styleId="article-subtitle"><w:name w:val="article-subtitle"/><w:basedOn w:val="Normal"/><w:rsid w:val="00844836"/><w:pPr><w:pStyle w:val="article-subtitle"/><w:spacing w:before="120" w:after="120"/><w:jc w:val="center"/></w:pPr><w:rPr><wx:font wx:val="Times New Roman"/><w:b/><w:sz w:val="28"/></w:rPr></w:style><w:style w:type="paragraph" w:styleId="article-titleabbrev"><w:name w:val="article-titleabbrev"/><w:basedOn w:val="Normal"/><w:rsid w:val="00844836"/><w:pPr><w:pStyle w:val="article-titleabbrev"/><w:spacing w:before="120" w:after="120"/><w:jc w:val="center"/></w:pPr><w:rPr><wx:font wx:val="Times New Roman"/></w:rPr></w:style><w:style w:type="paragraph" w:styleId="blockquote"><w:name w:val="blockquote"/><w:basedOn w:val="Normal"/><w:rsid w:val="00844836"/><w:pPr><w:pStyle w:val="blockquote"/><w:ind w:left="720" w:right="720"/></w:pPr><w:rPr><wx:font wx:val="Times New Roman"/><w:i/><w:sz w:val="20"/></w:rPr></w:style><w:style w:type="paragraph" w:styleId="blockerror"><w:name w:val="blockerror"/><w:basedOn w:val="Normal"/><w:rsid w:val="00844836"/><w:pPr><w:pStyle w:val="blockerror"/><w:ind w:left="720"/></w:pPr><w:rPr><wx:font wx:val="Times New Roman"/><w:color w:val="FF0000"/><w:effect w:val="ants-red"/></w:rPr></w:style><w:style w:type="character" w:styleId="inlineerror"><w:name w:val="inlineerror"/><w:basedOn w:val="DefaultParagraphFont"/><w:rsid w:val="00844836"/><w:rPr><w:color w:val="FF0000"/><w:effect w:val="ants-red"/></w:rPr></w:style><w:style w:type="paragraph" w:styleId="legalnotice"><w:name w:val="legalnotice"/><w:basedOn w:val="Normal"/><w:rsid w:val="00844836"/><w:pPr><w:pStyle w:val="legalnotice"/><w:pBdr><w:top w:val="single" w:sz="4" wx:bdrwidth="10" w:space="1" w:color="auto"/><w:left w:val="single" w:sz="4" wx:bdrwidth="10" w:space="4" w:color="auto"/><w:bottom w:val="single" w:sz="4" wx:bdrwidth="10" w:space="1" w:color="auto"/><w:right w:val="single" w:sz="4" wx:bdrwidth="10" w:space="4" w:color="auto"/></w:pBdr></w:pPr><w:rPr><wx:font wx:val="Times New Roman"/><w:u w:val="single"/></w:rPr></w:style><w:style w:type="paragraph" w:styleId="note"><w:name w:val="note"/><w:basedOn w:val="Normal"/><w:rsid w:val="00844836"/><w:pPr><w:pStyle w:val="note"/><w:listPr><w:ilfo w:val="1"/></w:listPr></w:pPr><w:rPr><wx:font wx:val="Times New Roman"/></w:rPr></w:style><w:style w:type="paragraph" w:styleId="sect1-title"><w:name w:val="sect1-title"/><w:basedOn w:val="Normal"/><w:rsid w:val="00844836"/><w:pPr><w:pStyle w:val="sect1-title"/><w:jc w:val="center"/></w:pPr><w:rPr><wx:font wx:val="Times New Roman"/><w:b/><w:sz w:val="36"/></w:rPr></w:style><w:style w:type="paragraph" w:styleId="sect1-subtitle"><w:name w:val="sect1-subtitle"/><w:basedOn w:val="Normal"/><w:rsid w:val="00844836"/><w:pPr><w:pStyle w:val="sect1-subtitle"/><w:jc w:val="center"/></w:pPr><w:rPr><wx:font wx:val="Times New Roman"/><w:b/><w:sz w:val="28"/></w:rPr></w:style><w:style w:type="paragraph" w:styleId="sect2-title"><w:name w:val="sect2-title"/><w:basedOn w:val="Normal"/><w:rsid w:val="00844836"/><w:pPr><w:pStyle w:val="sect2-title"/><w:jc w:val="center"/></w:pPr><w:rPr><wx:font wx:val="Times New Roman"/><w:b/><w:sz w:val="28"/></w:rPr></w:style><w:style w:type="paragraph" w:styleId="sect2-subtitle"><w:name w:val="sect2-subtitle"/><w:basedOn w:val="Normal"/><w:rsid w:val="00844836"/><w:pPr><w:pStyle w:val="sect2-subtitle"/><w:jc w:val="center"/></w:pPr><w:rPr><wx:font wx:val="Times New Roman"/><w:b/></w:rPr></w:style><w:style w:type="paragraph" w:styleId="sect3-title"><w:name w:val="sect3-title"/><w:basedOn w:val="Normal"/><w:rsid w:val="00844836"/><w:pPr><w:pStyle w:val="sect3-title"/></w:pPr><w:rPr><wx:font wx:val="Times New Roman"/><w:b/><w:sz w:val="28"/></w:rPr></w:style><w:style w:type="paragraph" w:styleId="sect3-subtitle"><w:name w:val="sect3-subtitle"/><w:basedOn w:val="Normal"/><w:rsid w:val="00844836"/><w:pPr><w:pStyle w:val="sect3-subtitle"/></w:pPr><w:rPr><wx:font wx:val="Times New Roman"/><w:b/></w:rPr></w:style><w:style w:type="paragraph" w:styleId="sect4-title"><w:name w:val="sect4-title"/><w:basedOn w:val="Normal"/><w:rsid w:val="00844836"/><w:pPr><w:pStyle w:val="sect4-title"/></w:pPr><w:rPr><wx:font wx:val="Times New Roman"/><w:b/></w:rPr></w:style><w:style w:type="paragraph" w:styleId="sect4-subtitle"><w:name w:val="sect4-subtitle"/><w:basedOn w:val="Normal"/><w:rsid w:val="00844836"/><w:pPr><w:pStyle w:val="sect4-subtitle"/></w:pPr><w:rPr><wx:font wx:val="Times New Roman"/></w:rPr></w:style><w:style w:type="paragraph" w:styleId="sect5-title"><w:name w:val="sect5-title"/><w:basedOn w:val="Normal"/><w:rsid w:val="00844836"/><w:pPr><w:pStyle w:val="sect5-title"/></w:pPr><w:rPr><w:rFonts w:ascii="Arial" w:h-ansi="Arial"/><wx:font wx:val="Arial"/><w:b/><w:sz w:val="22"/></w:rPr></w:style><w:style w:type="paragraph" w:styleId="sect5-subtitle"><w:name w:val="sect5-subtitle"/><w:basedOn w:val="Normal"/><w:rsid w:val="00844836"/><w:pPr><w:pStyle w:val="sect5-subtitle"/></w:pPr><w:rPr><w:rFonts w:ascii="Arial" w:h-ansi="Arial"/><wx:font wx:val="Arial"/><w:sz w:val="20"/></w:rPr></w:style><w:style w:type="paragraph" w:styleId="simpara"><w:name w:val="simpara"/><w:basedOn w:val="Normal"/><w:rsid w:val="00844836"/><w:pPr><w:pStyle w:val="simpara"/></w:pPr><w:rPr><wx:font wx:val="Times New Roman"/></w:rPr></w:style><w:style w:type="paragraph" w:styleId="formalpara"><w:name w:val="formalpara"/><w:basedOn w:val="Normal"/><w:rsid w:val="00844836"/><w:pPr><w:pStyle w:val="formalpara"/></w:pPr><w:rPr><wx:font wx:val="Times New Roman"/></w:rPr></w:style><w:style w:type="paragraph" w:styleId="formalpara-title"><w:name w:val="formalpara-title"/><w:basedOn w:val="Normal"/><w:rsid w:val="00844836"/><w:pPr><w:pStyle w:val="formalpara-title"/><w:ind w:left="720"/></w:pPr><w:rPr><wx:font wx:val="Times New Roman"/></w:rPr></w:style><w:style w:type="paragraph" w:styleId="simplesect-title"><w:name w:val="simplesect-title"/><w:basedOn w:val="Normal"/><w:rsid w:val="00844836"/><w:pPr><w:pStyle w:val="simplesect-title"/><w:jc w:val="center"/></w:pPr><w:rPr><wx:font wx:val="Times New Roman"/><w:b/><w:sz w:val="28"/></w:rPr></w:style><w:style w:type="paragraph" w:styleId="simplesect-subtitle"><w:name w:val="simplesect-subtitle"/><w:basedOn w:val="Normal"/><w:rsid w:val="00844836"/><w:pPr><w:pStyle w:val="simplesect-subtitle"/><w:jc w:val="center"/></w:pPr><w:rPr><wx:font wx:val="Times New Roman"/><w:b/></w:rPr></w:style><w:style w:type="paragraph" w:styleId="blockquote-attribution"><w:name w:val="blockquote-attribution"/><w:basedOn w:val="Normal"/><w:rsid w:val="00844836"/><w:pPr><w:pStyle w:val="blockquote-attribution"/><w:ind w:left="1440"/></w:pPr><w:rPr><w:rFonts w:ascii="Arial Narrow" w:h-ansi="Arial Narrow"/><wx:font wx:val="Arial Narrow"/><w:sz w:val="16"/><w:u w:val="single"/></w:rPr></w:style><w:style w:type="paragraph" w:styleId="blockquote-title"><w:name w:val="blockquote-title"/><w:basedOn w:val="Normal"/><w:next w:val="blockquote"/><w:rsid w:val="00844836"/><w:pPr><w:pStyle w:val="blockquote-title"/><w:ind w:left="720"/></w:pPr><w:rPr><wx:font wx:val="Times New Roman"/><w:b/></w:rPr></w:style><w:style w:type="list" w:styleId="itemizedlist"><w:name w:val="itemizedlist"/><w:basedOn w:val="NoList"/><w:rsid w:val="00844836"/><w:pPr><w:listPr><w:ilfo w:val="2"/></w:listPr></w:pPr></w:style><w:style w:type="paragraph" w:styleId="note-title"><w:name w:val="note-title"/><w:basedOn w:val="note"/><w:rsid w:val="00844836"/><w:pPr><w:pStyle w:val="note-title"/></w:pPr><w:rPr><wx:font wx:val="Times New Roman"/><w:b/><w:sz w:val="28"/></w:rPr></w:style><w:style w:type="paragraph" w:styleId="caution"><w:name w:val="caution"/><w:basedOn w:val="note"/><w:rsid w:val="00844836"/><w:pPr><w:pStyle w:val="caution"/></w:pPr><w:rPr><wx:font wx:val="Times New Roman"/><w:color w:val="FF0000"/></w:rPr></w:style><w:style w:type="paragraph" w:styleId="caution-title"><w:name w:val="caution-title"/><w:basedOn w:val="caution"/><w:rsid w:val="00844836"/><w:pPr><w:pStyle w:val="caution-title"/></w:pPr><w:rPr><wx:font wx:val="Times New Roman"/><w:b/><w:sz w:val="28"/></w:rPr></w:style><w:style w:type="paragraph" w:styleId="warning"><w:name w:val="warning"/><w:basedOn w:val="note"/><w:rsid w:val="00844836"/><w:pPr><w:pStyle w:val="warning"/></w:pPr><w:rPr><wx:font wx:val="Times New Roman"/><w:color w:val="FFCC00"/></w:rPr></w:style><w:style w:type="paragraph" w:styleId="warning-title"><w:name w:val="warning-title"/><w:basedOn w:val="warning"/><w:rsid w:val="00844836"/><w:pPr><w:pStyle w:val="warning-title"/></w:pPr><w:rPr><wx:font wx:val="Times New Roman"/><w:b/><w:sz w:val="28"/></w:rPr></w:style><w:style w:type="paragraph" w:styleId="important"><w:name w:val="important"/><w:basedOn w:val="note"/><w:rsid w:val="00844836"/><w:pPr><w:pStyle w:val="important"/></w:pPr><w:rPr><wx:font wx:val="Times New Roman"/><w:color w:val="000080"/></w:rPr></w:style><w:style w:type="paragraph" w:styleId="important-title"><w:name w:val="important-title"/><w:basedOn w:val="important"/><w:rsid w:val="00844836"/><w:pPr><w:pStyle w:val="important-title"/></w:pPr><w:rPr><wx:font wx:val="Times New Roman"/><w:b/><w:sz w:val="28"/></w:rPr></w:style><w:style w:type="paragraph" w:styleId="chapter-title"><w:name w:val="chapter-title"/><w:basedOn w:val="Normal"/><w:rsid w:val="00844836"/><w:pPr><w:pStyle w:val="chapter-title"/><w:spacing w:before="240" w:after="240"/><w:jc w:val="center"/></w:pPr><w:rPr><wx:font wx:val="Times New Roman"/><w:b/><w:sz w:val="36"/></w:rPr></w:style><w:style w:type="paragraph" w:styleId="chapter-subtitle"><w:name w:val="chapter-subtitle"/><w:basedOn w:val="Normal"/><w:rsid w:val="00844836"/><w:pPr><w:pStyle w:val="chapter-subtitle"/><w:spacing w:before="120" w:after="120"/><w:jc w:val="center"/></w:pPr><w:rPr><wx:font wx:val="Times New Roman"/><w:b/><w:sz w:val="28"/></w:rPr></w:style><w:style w:type="paragraph" w:styleId="chapter-titleabbrev"><w:name w:val="chapter-titleabbrev"/><w:basedOn w:val="Normal"/><w:rsid w:val="00844836"/><w:pPr><w:pStyle w:val="chapter-titleabbrev"/><w:spacing w:before="120" w:after="120"/><w:jc w:val="center"/></w:pPr><w:rPr><wx:font wx:val="Times New Roman"/></w:rPr></w:style><w:style w:type="paragraph" w:styleId="appendix-title"><w:name w:val="appendix-title"/><w:basedOn w:val="Normal"/><w:rsid w:val="00844836"/><w:pPr><w:pStyle w:val="appendix-title"/><w:spacing w:before="240" w:after="240"/><w:jc w:val="center"/></w:pPr><w:rPr><wx:font wx:val="Times New Roman"/><w:b/><w:sz w:val="36"/></w:rPr></w:style><w:style w:type="paragraph" w:styleId="preface-title"><w:name w:val="preface-title"/><w:basedOn w:val="Normal"/><w:rsid w:val="00844836"/><w:pPr><w:pStyle w:val="preface-title"/><w:spacing w:before="240" w:after="240"/><w:jc w:val="center"/></w:pPr><w:rPr><wx:font wx:val="Times New Roman"/><w:b/><w:sz w:val="36"/></w:rPr></w:style><w:style w:type="paragraph" w:styleId="bibliography-title"><w:name w:val="bibliography-title"/><w:basedOn w:val="Normal"/><w:rsid w:val="00844836"/><w:pPr><w:pStyle w:val="bibliography-title"/><w:spacing w:before="240" w:after="240"/><w:jc w:val="center"/></w:pPr><w:rPr><wx:font wx:val="Times New Roman"/><w:b/><w:sz w:val="36"/></w:rPr></w:style><w:style w:type="paragraph" w:styleId="glossary-title"><w:name w:val="glossary-title"/><w:basedOn w:val="Normal"/><w:rsid w:val="00844836"/><w:pPr><w:pStyle w:val="glossary-title"/><w:spacing w:before="240" w:after="240"/><w:jc w:val="center"/></w:pPr><w:rPr><wx:font wx:val="Times New Roman"/><w:b/><w:sz w:val="36"/></w:rPr></w:style><w:style w:type="paragraph" w:styleId="index-title"><w:name w:val="index-title"/><w:basedOn w:val="Normal"/><w:rsid w:val="00844836"/><w:pPr><w:pStyle w:val="index-title"/><w:spacing w:before="240" w:after="240"/><w:jc w:val="center"/></w:pPr><w:rPr><wx:font wx:val="Times New Roman"/><w:b/><w:sz w:val="36"/></w:rPr></w:style><w:style w:type="list" w:styleId="itemizedlist1"><w:name w:val="itemizedlist1"/><w:basedOn w:val="NoList"/><w:rsid w:val="00844836"/><w:pPr><w:listPr><w:ilfo w:val="3"/></w:listPr></w:pPr></w:style><w:style w:type="paragraph" w:styleId="variablelist-term"><w:name w:val="variablelist-term"/><w:basedOn w:val="Normal"/><w:rsid w:val="00844836"/><w:pPr><w:pStyle w:val="variablelist-term"/></w:pPr><w:rPr><w:rFonts w:ascii="Arial" w:h-ansi="Arial"/><wx:font wx:val="Arial"/><w:sz w:val="20"/></w:rPr></w:style><w:style w:type="paragraph" w:styleId="variablelist-title"><w:name w:val="variablelist-title"/><w:basedOn w:val="Normal"/><w:rsid w:val="00844836"/><w:pPr><w:pStyle w:val="variablelist-title"/><w:spacing w:before="120" w:after="120"/><w:ind w:left="720"/></w:pPr><w:rPr><w:rFonts w:ascii="Arial" w:h-ansi="Arial"/><wx:font wx:val="Arial"/><w:b/></w:rPr></w:style><w:style w:type="paragraph" w:styleId="variablelist-titleabbrev"><w:name w:val="variablelist-titleabbrev"/><w:basedOn w:val="Normal"/><w:rsid w:val="00844836"/><w:pPr><w:pStyle w:val="variablelist-titleabbrev"/><w:ind w:left="720"/></w:pPr><w:rPr><w:rFonts w:ascii="Arial" w:h-ansi="Arial"/><wx:font wx:val="Arial"/><w:i/></w:rPr></w:style><w:style w:type="paragraph" w:styleId="tip"><w:name w:val="tip"/><w:basedOn w:val="note"/><w:rsid w:val="00844836"/><w:pPr><w:pStyle w:val="tip"/></w:pPr><w:rPr><wx:font wx:val="Times New Roman"/><w:color w:val="003300"/></w:rPr></w:style><w:style w:type="paragraph" w:styleId="tip-title"><w:name w:val="tip-title"/><w:basedOn w:val="tip"/><w:rsid w:val="00844836"/><w:pPr><w:pStyle w:val="tip-title"/></w:pPr><w:rPr><wx:font wx:val="Times New Roman"/><w:sz w:val="28"/></w:rPr></w:style><w:style w:type="paragraph" w:styleId="para-continue"><w:name w:val="para-continue"/><w:basedOn w:val="Normal"/><w:rsid w:val="00844836"/><w:pPr><w:pStyle w:val="para-continue"/><w:ind w:left="720"/></w:pPr><w:rPr><wx:font wx:val="Times New Roman"/></w:rPr></w:style><w:style w:type="paragraph" w:styleId="releaseinfo"><w:name w:val="releaseinfo"/><w:basedOn w:val="Normal"/><w:rsid w:val="00844836"/><w:pPr><w:pStyle w:val="releaseinfo"/><w:shd w:val="clear" w:color="auto" w:fill="FFFF99"/></w:pPr><w:rPr><w:rFonts w:ascii="Lucida Sans Unicode" w:h-ansi="Lucida Sans Unicode"/><wx:font wx:val="Lucida Sans Unicode"/><w:sz w:val="18"/></w:rPr></w:style><w:style w:type="paragraph" w:styleId="author"><w:name w:val="author"/><w:basedOn w:val="Normal"/><w:rsid w:val="00844836"/><w:pPr><w:pStyle w:val="author"/><w:ind w:left="720"/></w:pPr><w:rPr><w:rFonts w:ascii="Arial" w:h-ansi="Arial"/><wx:font wx:val="Arial"/><w:sz w:val="20"/></w:rPr></w:style><w:style w:type="character" w:styleId="surname"><w:name w:val="surname"/><w:basedOn w:val="DefaultParagraphFont"/><w:rsid w:val="00844836"/><w:rPr><w:b/></w:rPr></w:style><w:style w:type="character" w:styleId="firstname"><w:name w:val="firstname"/><w:basedOn w:val="DefaultParagraphFont"/><w:rsid w:val="00844836"/><w:rPr><w:i/></w:rPr></w:style><w:style w:type="character" w:styleId="honorific"><w:name w:val="honorific"/><w:basedOn w:val="DefaultParagraphFont"/><w:rsid w:val="00844836"/><w:rPr><w:b/></w:rPr></w:style><w:style w:type="character" w:styleId="lineage"><w:name w:val="lineage"/><w:basedOn w:val="DefaultParagraphFont"/><w:rsid w:val="00844836"/><w:rPr><w:u w:val="single"/></w:rPr></w:style><w:style w:type="character" w:styleId="othername"><w:name w:val="othername"/><w:basedOn w:val="DefaultParagraphFont"/><w:rsid w:val="00844836"/><w:rPr><w:i/></w:rPr></w:style><w:style w:type="character" w:styleId="shortaffil"><w:name w:val="shortaffil"/><w:basedOn w:val="DefaultParagraphFont"/><w:rsid w:val="00844836"/><w:rPr><w:u w:val="single"/></w:rPr></w:style><w:style w:type="character" w:styleId="jobtitle"><w:name w:val="jobtitle"/><w:basedOn w:val="DefaultParagraphFont"/><w:rsid w:val="00844836"/><w:rPr><w:b/></w:rPr></w:style><w:style w:type="character" w:styleId="orgname"><w:name w:val="orgname"/><w:basedOn w:val="DefaultParagraphFont"/><w:rsid w:val="00844836"/><w:rPr><w:rFonts w:ascii="Arial" w:h-ansi="Arial"/><w:b/></w:rPr></w:style><w:style w:type="character" w:styleId="orgdiv"><w:name w:val="orgdiv"/><w:basedOn w:val="DefaultParagraphFont"/><w:rsid w:val="00844836"/><w:rPr><w:rFonts w:ascii="Arial" w:h-ansi="Arial"/></w:rPr></w:style><w:style w:type="paragraph" w:styleId="affiliation"><w:name w:val="affiliation"/><w:basedOn w:val="Normal"/><w:rsid w:val="00844836"/><w:pPr><w:pStyle w:val="affiliation"/><w:ind w:left="1440"/></w:pPr><w:rPr><w:rFonts w:ascii="Arial" w:h-ansi="Arial"/><wx:font wx:val="Arial"/><w:sz w:val="20"/></w:rPr></w:style><w:style w:type="character" w:styleId="contrib"><w:name w:val="contrib"/><w:basedOn w:val="DefaultParagraphFont"/><w:rsid w:val="00844836"/><w:rPr><w:i/></w:rPr></w:style><w:style w:type="character" w:styleId="street"><w:name w:val="street"/><w:basedOn w:val="DefaultParagraphFont"/><w:rsid w:val="00844836"/><w:rPr><w:rFonts w:ascii="Lucida Sans Unicode" w:h-ansi="Lucida Sans Unicode"/></w:rPr></w:style><w:style w:type="character" w:styleId="pob"><w:name w:val="pob"/><w:basedOn w:val="DefaultParagraphFont"/><w:rsid w:val="00844836"/><w:rPr><w:rFonts w:ascii="Lucida Sans Unicode" w:h-ansi="Lucida Sans Unicode"/></w:rPr></w:style><w:style w:type="character" w:styleId="postcode"><w:name w:val="postcode"/><w:basedOn w:val="DefaultParagraphFont"/><w:rsid w:val="00844836"/><w:rPr><w:rFonts w:ascii="Lucida Sans Unicode" w:h-ansi="Lucida Sans Unicode"/><w:b/></w:rPr></w:style><w:style w:type="character" w:styleId="city"><w:name w:val="city"/><w:basedOn w:val="DefaultParagraphFont"/><w:rsid w:val="00844836"/><w:rPr><w:rFonts w:ascii="Lucida Sans Unicode" w:h-ansi="Lucida Sans Unicode"/><w:b/></w:rPr></w:style><w:style w:type="character" w:styleId="state"><w:name w:val="state"/><w:basedOn w:val="DefaultParagraphFont"/><w:rsid w:val="00844836"/><w:rPr><w:rFonts w:ascii="Lucida Sans Unicode" w:h-ansi="Lucida Sans Unicode"/><w:b/></w:rPr></w:style><w:style w:type="character" w:styleId="country"><w:name w:val="country"/><w:basedOn w:val="DefaultParagraphFont"/><w:rsid w:val="00844836"/><w:rPr><w:rFonts w:ascii="Lucida Sans Unicode" w:h-ansi="Lucida Sans Unicode"/><w:b/></w:rPr></w:style><w:style w:type="character" w:styleId="phone"><w:name w:val="phone"/><w:basedOn w:val="DefaultParagraphFont"/><w:rsid w:val="00844836"/><w:rPr><w:rFonts w:ascii="Courier New" w:h-ansi="Courier New"/></w:rPr></w:style><w:style w:type="character" w:styleId="fax"><w:name w:val="fax"/><w:basedOn w:val="DefaultParagraphFont"/><w:rsid w:val="00844836"/><w:rPr><w:rFonts w:ascii="Courier New" w:h-ansi="Courier New"/></w:rPr></w:style><w:style w:type="character" w:styleId="email"><w:name w:val="email"/><w:basedOn w:val="DefaultParagraphFont"/><w:rsid w:val="00844836"/><w:rPr><w:rFonts w:ascii="Arial" w:h-ansi="Arial"/><w:color w:val="0000FF"/><w:u w:val="single"/></w:rPr></w:style><w:style w:type="character" w:styleId="otheraddr"><w:name w:val="otheraddr"/><w:basedOn w:val="DefaultParagraphFont"/><w:rsid w:val="00844836"/><w:rPr><w:rFonts w:ascii="Lucida Sans Unicode" w:h-ansi="Lucida Sans Unicode"/><w:u w:val="single"/></w:rPr></w:style><w:style w:type="character" w:styleId="ulink"><w:name w:val="ulink"/><w:basedOn w:val="DefaultParagraphFont"/><w:rsid w:val="00844836"/><w:rPr><w:color w:val="0000FF"/><w:u w:val="single"/></w:rPr></w:style><w:style w:type="character" w:styleId="attribute-name"><w:name w:val="attribute-name"/><w:basedOn w:val="DefaultParagraphFont"/><w:rsid w:val="00844836"/><w:rPr><w:b/></w:rPr></w:style><w:style w:type="character" w:styleId="attribute-value"><w:name w:val="attribute-value"/><w:basedOn w:val="DefaultParagraphFont"/><w:rsid w:val="00844836"/><w:rPr><w:u w:val="single"/></w:rPr></w:style><w:style w:type="character" w:styleId="attributes"><w:name w:val="attributes"/><w:basedOn w:val="DefaultParagraphFont"/><w:rsid w:val="00844836"/><w:rPr><w:vanish/></w:rPr></w:style><w:style w:type="paragraph" w:styleId="informalfigure-imagedata"><w:name w:val="informalfigure-imagedata"/><w:basedOn w:val="Normal"/><w:rsid w:val="00844836"/><w:pPr><w:pStyle w:val="informalfigure-imagedata"/><w:spacing w:before="120" w:after="120"/><w:ind w:left="720"/></w:pPr><w:rPr><w:rFonts w:ascii="Courier New" w:h-ansi="Courier New"/><wx:font wx:val="Courier New"/><w:b/><w:sz w:val="20"/></w:rPr></w:style><w:style w:type="paragraph" w:styleId="highlights"><w:name w:val="highlights"/><w:basedOn w:val="Normal"/><w:rsid w:val="00844836"/><w:pPr><w:pStyle w:val="highlights"/></w:pPr><w:rPr><wx:font wx:val="Times New Roman"/></w:rPr></w:style><w:style w:type="list" w:styleId="highlights-itemizedlist"><w:name w:val="highlights-itemizedlist"/><w:basedOn w:val="NoList"/><w:rsid w:val="00844836"/><w:pPr><w:listPr><w:ilfo w:val="5"/></w:listPr></w:pPr></w:style><w:style w:type="list" w:styleId="highlights-orderedlist"><w:name w:val="highlights-orderedlist"/><w:basedOn w:val="NoList"/><w:rsid w:val="00844836"/><w:pPr><w:listPr><w:ilfo w:val="6"/></w:listPr></w:pPr></w:style><w:style w:type="paragraph" w:styleId="highlights-note"><w:name w:val="highlights-note"/><w:basedOn w:val="note"/><w:rsid w:val="00844836"/><w:pPr><w:pStyle w:val="highlights-note"/></w:pPr><w:rPr><wx:font wx:val="Times New Roman"/></w:rPr></w:style><w:style w:type="paragraph" w:styleId="highlights-caution"><w:name w:val="highlights-caution"/><w:basedOn w:val="caution"/><w:rsid w:val="00844836"/><w:pPr><w:pStyle w:val="highlights-caution"/></w:pPr><w:rPr><wx:font wx:val="Times New Roman"/></w:rPr></w:style><w:style w:type="paragraph" w:styleId="highlights-important"><w:name w:val="highlights-important"/><w:basedOn w:val="important"/><w:rsid w:val="00844836"/><w:pPr><w:pStyle w:val="highlights-important"/></w:pPr><w:rPr><wx:font wx:val="Times New Roman"/></w:rPr></w:style><w:style w:type="paragraph" w:styleId="highlights-tip"><w:name w:val="highlights-tip"/><w:basedOn w:val="tip"/><w:rsid w:val="00844836"/><w:pPr><w:pStyle w:val="highlights-tip"/></w:pPr><w:rPr><wx:font wx:val="Times New Roman"/></w:rPr></w:style><w:style w:type="paragraph" w:styleId="highlights-warning"><w:name w:val="highlights-warning"/><w:basedOn w:val="warning"/><w:rsid w:val="00844836"/><w:pPr><w:pStyle w:val="highlights-warning"/></w:pPr><w:rPr><wx:font wx:val="Times New Roman"/></w:rPr></w:style><w:style w:type="paragraph" w:styleId="xinclude"><w:name w:val="xinclude"/><w:basedOn w:val="Normal"/><w:rsid w:val="00844836"/><w:pPr><w:pStyle w:val="xinclude"/><w:shd w:val="solid" w:color="auto" w:fill="0C0C0C" wx:bgcolor="000000"/></w:pPr><w:rPr><wx:font wx:val="Times New Roman"/><w:color w:val="FF0000"/></w:rPr></w:style><w:style w:type="paragraph" w:styleId="Style1"><w:name w:val="Style1"/><w:basedOn w:val="Normal"/><w:next w:val="xinclude"/><w:rsid w:val="00844836"/><w:pPr><w:pStyle w:val="Style1"/></w:pPr><w:rPr><wx:font wx:val="Times New Roman"/></w:rPr></w:style><w:style w:type="paragraph" w:styleId="part-title"><w:name w:val="part-title"/><w:basedOn w:val="book-title"/><w:rsid w:val="00844836"/><w:pPr><w:pStyle w:val="part-title"/><w:shd w:val="clear" w:color="auto" w:fill="CCFFFF"/></w:pPr><w:rPr><wx:font wx:val="Times New Roman"/></w:rPr></w:style><w:style w:type="paragraph" w:styleId="abstract"><w:name w:val="abstract"/><w:basedOn w:val="Normal"/><w:rsid w:val="00844836"/><w:pPr><w:pStyle w:val="abstract"/></w:pPr><w:rPr><wx:font wx:val="Times New Roman"/><w:i/></w:rPr></w:style><w:style w:type="paragraph" w:styleId="abstract-title"><w:name w:val="abstract-title"/><w:basedOn w:val="sect3-title"/><w:rsid w:val="00844836"/><w:pPr><w:pStyle w:val="abstract-title"/></w:pPr><w:rPr><wx:font wx:val="Times New Roman"/></w:rPr></w:style><w:style w:type="paragraph" w:styleId="Caption"><w:name w:val="caption"/><wx:uiName wx:val="Caption"/><w:basedOn w:val="Normal"/><w:rsid w:val="00844836"/><w:pPr><w:pStyle w:val="Caption"/><w:jc w:val="center"/></w:pPr><w:rPr><wx:font wx:val="Times New Roman"/><w:i/><w:sz w:val="18"/></w:rPr></w:style><w:style w:type="character" w:styleId="citetitle"><w:name w:val="citetitle"/><w:basedOn w:val="DefaultParagraphFont"/><w:rsid w:val="00844836"/><w:rPr><w:i/></w:rPr></w:style><w:style w:type="paragraph" w:styleId="bridgehead"><w:name w:val="bridgehead"/><w:basedOn w:val="Normal"/><w:rsid w:val="00844836"/><w:pPr><w:pStyle w:val="bridgehead"/><w:spacing w:before="120" w:after="120"/><w:ind w:left="720"/></w:pPr><w:rPr><wx:font wx:val="Times New Roman"/><w:b/><w:sz w:val="28"/></w:rPr></w:style><w:style w:type="paragraph" w:styleId="orderedlist"><w:name w:val="orderedlist"/><w:basedOn w:val="Normal"/><w:rsid w:val="005A07A7"/><w:pPr><w:pStyle w:val="orderedlist"/><w:listPr><w:ilfo w:val="12"/></w:listPr></w:pPr><w:rPr><wx:font wx:val="Times New Roman"/></w:rPr></w:style><w:style w:type="paragraph" w:styleId="orderedlist1"><w:name w:val="orderedlist1"/><w:basedOn w:val="orderedlist"/><w:rsid w:val="005A07A7"/><w:pPr><w:pStyle w:val="orderedlist1"/></w:pPr><w:rPr><wx:font wx:val="Times New Roman"/></w:rPr></w:style><w:style w:type="paragraph" w:styleId="orderedlist2"><w:name w:val="orderedlist2"/><w:basedOn w:val="Normal"/><w:rsid w:val="005A07A7"/><w:pPr><w:pStyle w:val="orderedlist2"/><w:listPr><w:ilfo w:val="13"/></w:listPr><w:ind w:left="1080"/></w:pPr><w:rPr><wx:font wx:val="Times New Roman"/></w:rPr></w:style><w:style w:type="paragraph" w:styleId="orderedlist3"><w:name w:val="orderedlist3"/><w:basedOn w:val="Normal"/><w:rsid w:val="005A07A7"/><w:pPr><w:pStyle w:val="orderedlist3"/><w:listPr><w:ilfo w:val="14"/></w:listPr><w:tabs><w:tab w:val="clear" w:pos="1800"/><w:tab w:val="list" w:pos="1620"/></w:tabs><w:ind w:left="1627" w:hanging="360"/></w:pPr><w:rPr><wx:font wx:val="Times New Roman"/></w:rPr></w:style><w:style w:type="paragraph" w:styleId="orderedlist4"><w:name w:val="orderedlist4"/><w:basedOn w:val="Normal"/><w:rsid w:val="005A07A7"/><w:pPr><w:pStyle w:val="orderedlist4"/><w:listPr><w:ilfo w:val="16"/></w:listPr><w:ind w:left="1800"/></w:pPr><w:rPr><wx:font wx:val="Times New Roman"/></w:rPr></w:style></w:styles><w:docPr><w:view w:val="print"/><w:zoom w:percent="100"/><w:doNotEmbedSystemFonts/><w:proofState w:spelling="clean" w:grammar="clean"/><w:attachedTemplate w:val=""/><w:defaultTabStop w:val="720"/><w:punctuationKerning/><w:characterSpacingControl w:val="DontCompress"/><w:optimizeForBrowser/><w:validateAgainstSchema/><w:saveInvalidXML w:val="off"/><w:ignoreMixedContent w:val="off"/><w:alwaysShowPlaceholderText w:val="off"/><w:compat><w:breakWrappedTables/><w:snapToGridInCell/><w:wrapTextWithPunct/><w:useAsianBreakRules/><w:dontGrowAutofit/></w:compat></w:docPr><w:body><wx:sect><w:p><w:r><w:t>This document intentionally left blank.</w:t></w:r></w:p><w:sectPr><w:pgSz w:w="12240" w:h="15840"/><w:pgMar w:top="1440" w:right="1800" w:bottom="1440" w:left="1800" w:header="720" w:footer="720" w:gutter="0"/><w:cols w:space="720"/><w:docGrid w:line-pitch="360"/></w:sectPr></wx:sect></w:body></w:wordDocument>
