<?xml version="1.0" ?><packagedb>
<entry installed="2010-03-26T20:34:49Z" package="gnome-doc-utils" version="0.10.13-fake2-d41d8cd98f00b204e9800998ecf8427e"/>
<entry installed="2010-03-26T21:19:29Z" package="cairo" version="1.8.8-d41d8cd98f00b204e9800998ecf8427e"/>
<entry installed="2010-03-26T20:52:18Z" package="libtiff" version="3.9.1-d41d8cd98f00b204e9800998ecf8427e"/>
<entry installed="2010-03-26T20:52:49Z" package="hicolor-icon-theme" version="0.11-d41d8cd98f00b204e9800998ecf8427e"/>
<entry installed="2010-03-28T18:03:05Z" package="intltool" version="0.40.6-d41d8cd98f00b204e9800998ecf8427e"/>
<entry installed="2010-03-26T20:29:45Z" package="waf" version="1.4.4-13e9eaa2280cc5e76184ecd9a6179e84"/>
<entry installed="2010-03-26T19:52:23Z" package="gettext" version="0.17-2179d9cab3abd1fc9df2075f818a3e76"/>
<entry installed="2010-03-26T21:18:47Z" package="fontconfig" version="2.7.3-d41d8cd98f00b204e9800998ecf8427e"/>
<entry installed="2010-03-26T20:27:41Z" package="m4" version="1.4.11-d41d8cd98f00b204e9800998ecf8427e"/>
<entry installed="2010-03-26T20:34:32Z" package="libpng" version="1.2.40-d41d8cd98f00b204e9800998ecf8427e"/>
<entry installed="2010-03-26T20:52:46Z" package="perl-xml-simple" version="2.18"/>
<entry installed="2010-03-26T21:17:46Z" package="pixman" version="0.16.0-d41d8cd98f00b204e9800998ecf8427e"/>
<entry installed="2010-03-26T21:17:17Z" package="glib" version="2.22.2-d41d8cd98f00b204e9800998ecf8427e"/>
<entry installed="2010-03-29T20:38:50Z" package="freetype" version="2.3.11-d41d8cd98f00b204e9800998ecf8427e"/>
<entry installed="2010-03-29T20:21:52Z" package="expat" version="2.0.1-d41d8cd98f00b204e9800998ecf8427e"/>
<entry installed="2010-03-28T18:02:43Z" package="gnome-common" version="2.28.0-d41d8cd98f00b204e9800998ecf8427e"/>
<entry installed="2010-03-26T20:29:42Z" package="automake-1.10" version="1.10.1-d41d8cd98f00b204e9800998ecf8427e"/>
<entry installed="2010-03-28T18:03:02Z" package="perl-xml-parser" version="2.36"/>
<entry installed="2010-03-26T20:29:10Z" package="libtool" version="2.2.6a-d41d8cd98f00b204e9800998ecf8427e"/>
<entry installed="2010-03-26T21:38:28Z" package="gtk+" version="2.18.2-a269ca4914352fefd2f7f0f874777ebc"/>
<entry installed="2010-03-26T21:22:41Z" package="pango" version="1.24.5-77a0e1237685578e1bfa95081f96ed01"/>
<entry installed="2010-03-26T20:34:48Z" package="gtk-osx-docbook" version="1.0-d41d8cd98f00b204e9800998ecf8427e"/>
<entry installed="2010-03-26T20:35:04Z" package="gtk-doc" version="1.11-d41d8cd98f00b204e9800998ecf8427e"/>
<entry installed="2010-03-26T20:27:50Z" package="autoconf" version="2.63-d41d8cd98f00b204e9800998ecf8427e"/>
<entry installed="2010-03-26T20:42:21Z" package="libjpeg" version="7-d41d8cd98f00b204e9800998ecf8427e"/>
<entry installed="2010-03-26T21:27:36Z" package="atk" version="1.28.0-d41d8cd98f00b204e9800998ecf8427e"/>
<entry installed="2010-03-26T20:29:20Z" package="automake-1.7" version="1.7.9-d41d8cd98f00b204e9800998ecf8427e"/>
<entry installed="2010-03-26T20:29:15Z" package="automake-1.4" version="1.4-p6-d41d8cd98f00b204e9800998ecf8427e"/>
<entry installed="2010-03-26T20:29:34Z" package="automake-1.9" version="1.9.6-d41d8cd98f00b204e9800998ecf8427e"/>
<entry installed="2010-03-26T20:29:27Z" package="automake-1.8" version="1.8.5-d41d8cd98f00b204e9800998ecf8427e"/>
</packagedb>