<?xml version="1.0"?>
<!DOCTYPE catalog PUBLIC "-//OASIS//DTD Entity Resolution XML Catalog V1.0//EN" 
    "http://www.oasis-open.org/committees/entity/release/1.0/catalog.dtd">

<!-- ...................................................................... -->
<!-- XML Catalog data for XML Character Entities .......................... -->
<!-- ...................................................................... -->

<!-- derived from V0.3, see http://www.oasis-open.org/committees/docbook/xmlcharent/
     Note: file names changed to comply with LSB SGML/XML Recommendations, R006
  -->

<catalog xmlns="urn:oasis:names:tc:entity:xmlns:xml:catalog">
  <public publicId="ISO 8879:1986//ENTITIES Added Math Symbols: Arrow Relations//EN//XML"   uri="ISOamsa.ent"/>
  <public publicId="ISO 8879:1986//ENTITIES Added Math Symbols: Binary Operators//EN//XML"  uri="ISOamsb.ent"/>
  <public publicId="ISO 8879:1986//ENTITIES Added Math Symbols: Delimiters//EN//XML"        uri="ISOamsc.ent"/>
  <public publicId="ISO 8879:1986//ENTITIES Added Math Symbols: Negated Relations//EN//XML" uri="ISOamsn.ent"/>
  <public publicId="ISO 8879:1986//ENTITIES Added Math Symbols: Ordinary//EN//XML"          uri="ISOamso.ent"/>
  <public publicId="ISO 8879:1986//ENTITIES Added Math Symbols: Relations//EN//XML"         uri="ISOamsr.ent"/>
  <public publicId="ISO 8879:1986//ENTITIES Box and Line Drawing//EN//XML"                  uri="ISObox.ent" />
  <public publicId="ISO 8879:1986//ENTITIES Russian Cyrillic//EN//XML"                      uri="ISOcyr1.ent"/>
  <public publicId="ISO 8879:1986//ENTITIES Non-Russian Cyrillic//EN//XML"                  uri="ISOcyr2.ent"/>
  <public publicId="ISO 8879:1986//ENTITIES Diacritical Marks//EN//XML"                     uri="ISOdia.ent" />
  <public publicId="ISO 8879:1986//ENTITIES Greek Letters//EN//XML"                         uri="ISOgrk1.ent"/>
  <public publicId="ISO 8879:1986//ENTITIES Monotoniko Greek//EN//XML"                      uri="ISOgrk2.ent"/>
  <public publicId="ISO 8879:1986//ENTITIES Greek Symbols//EN//XML"                         uri="ISOgrk3.ent"/>
  <public publicId="ISO 8879:1986//ENTITIES Alternative Greek Symbols//EN//XML"             uri="ISOgrk4.ent"/>
  <public publicId="ISO 8879:1986//ENTITIES Added Latin 1//EN//XML"                         uri="ISOlat1.ent"/>
  <public publicId="ISO 8879:1986//ENTITIES Added Latin 2//EN//XML"                         uri="ISOlat2.ent"/>
  <public publicId="ISO 8879:1986//ENTITIES Numeric and Special Graphic//EN//XML"           uri="ISOnum.ent" />
  <public publicId="ISO 8879:1986//ENTITIES Publishing//EN//XML"                            uri="ISOpub.ent" />
  <public publicId="ISO 8879:1986//ENTITIES General Technical//EN//XML"                     uri="ISOtech.ent"/>
</catalog>
